decoder_recon_loss mean,decoder_recon_loss std,discriminator_loss mean,discriminator_loss std,grad_norm,lg_loss_scale,loss1_grad_norm mean,loss1_grad_norm std,param_norm,recon_discriminator_loss mean,recon_discriminator_loss std,samples,step
0.16145491574491802,0.023933323072934783,0.48311437971623766,nan,29.333792332440233,18.08256000000003,0.2995738002232142,nan,1243.7836811394502,0.524131724925869,nan,4949,100
0.14137236897434532,0.024598874026643375,0.23565643969756958,nan,34.02667825805923,18.072500000000083,0.1981612723214286,nan,1229.065275369173,0.2986973598127121,nan,9849,200
0.1347852300958974,0.02533256990036792,0.4634806959040205,nan,37.78580280696494,18.12250000000015,0.23480364118303565,nan,1229.0713435010211,0.4743485843452826,nan,14749,300
0.13111123642751135,0.025604140789115014,0.61359166146517,nan,29.97853595307817,18.17250000000022,0.26246895926339286,nan,1229.0807988259705,0.6312389677698651,nan,19649,400
0.13104031594736226,0.026881306889866088,0.667191579296404,nan,24.80228481870535,18.222500000000267,0.25545061383928597,nan,1229.0952849353996,0.6175926485004472,nan,24549,500
0.13075251492006448,0.02652528288108964,0.7277375284737462,nan,21.749115928729644,18.272500000000335,0.26634137834821403,nan,1229.1120732888714,0.6387819198881431,nan,29449,600
0.1295172657072543,0.026434757374227055,0.7896890532220446,nan,18.709075260058178,18.322500000000403,0.26193045479910726,nan,1229.1286338031548,0.6879397358222447,nan,34349,700
0.12820096160684302,0.026297832783311596,0.8205306205839584,nan,16.727358059541277,18.37250000000047,0.27828752790178607,nan,1229.1504873840947,0.6686500986333072,nan,39249,800
0.12927909919193828,0.026083735634705854,0.851551434084733,nan,15.850565319368037,18.422500000000518,0.2696780831473216,nan,1229.1717994302987,0.644664642271585,nan,44149,900
0.1287106771767139,0.026282149758189894,0.8552134615125235,nan,14.404778768140126,18.472500000000572,0.2751632254464285,nan,1229.1954362888969,0.6611002411883745,nan,49049,1000
0.12851723234568313,0.025718803794256277,0.8938373187721839,nan,13.59468491156257,18.52250000000064,0.2740276227678572,nan,1229.2183794005798,0.6073172265451698,nan,53949,1100
0.12746452955262993,0.026188647249447458,0.920416366241163,nan,11.923644763249897,18.572500000000694,0.2717885044642857,nan,1229.2396983013869,0.6757347929261907,nan,58849,1200
0.1284464925314699,0.02535196115661946,0.9202477919087364,nan,11.049235874180583,18.622500000000763,0.2900537109374999,nan,1229.2674854610693,0.6425145038131697,nan,63749,1300
0.1280919117586954,0.025353289861232052,0.9536995769838745,nan,10.504204852642522,18.672500000000824,0.27443184988839286,nan,1229.2897490660453,0.6718222593304171,nan,68649,1400
0.1273371613451413,0.025669480924095416,0.9646269144812503,nan,10.043904369113934,18.722500000000878,0.2733042689732141,nan,1229.314965639667,0.6623469302555488,nan,73549,1500
0.12720229234014233,0.02573883583902249,0.9503447339839056,nan,9.030299607673212,18.77250000000094,0.26496337890624944,nan,1229.3431712739728,0.6579436481660872,nan,78449,1600
0.1269974746874399,0.025849836375564338,0.9486110470257463,nan,9.94887400061083,18.001680000001006,0.2796261160714287,nan,1236.6894884278522,0.6589533765900702,nan,83349,1700
0.12695987558790606,0.025317594117617997,0.9589496200303185,nan,8.453668252268992,17.87150000000106,0.27233189174107164,nan,1229.403226551567,0.6771101712895743,nan,88249,1800
0.12727785827858126,0.02605292935323503,0.9684068187096565,nan,8.738687094860953,17.921500000001142,0.2682917131696426,nan,1229.4358849428525,0.6342567407419489,nan,93149,1900
0.12749094728912633,0.02560134307614395,0.9718693425998616,nan,8.389670018170582,17.971500000001182,0.273605608258929,nan,1229.4646585075848,0.6844904836782704,nan,98049,2000
0.12619259206312047,0.02545642819122544,0.9736811116313666,nan,8.842238611192288,18.021500000001254,0.27706682477678585,nan,1229.500201037453,0.6264895279378777,nan,102949,2100
0.12675682493618579,0.02563429954328708,0.9789921786774306,nan,8.91610237172935,18.071500000001322,0.2870068359374995,nan,1229.535379715981,0.6442499049418245,nan,107849,2200
0.12671926730445465,0.025159985944628715,0.9737497020857195,nan,8.186617752343524,18.121500000001376,0.26520577566964326,nan,1229.5684660726422,0.6780015343888525,nan,112749,2300
0.12747175348656511,0.02605098289437592,0.9810296593060617,nan,8.329825381851226,18.171500000001434,0.2888636997767857,nan,1229.6031049898888,0.6288765853393866,nan,117649,2400
0.1276254290555203,0.025922420562378003,0.9743092368407331,nan,7.482421184488117,18.221500000001505,0.27001569475446446,nan,1229.6437297784876,0.6557569070594151,nan,122549,2500
0.12689976696457192,0.026542771485235015,0.9857489508095001,nan,7.7581824548225224,18.27150000000155,0.28132080078125,nan,1229.6805567225533,0.6379051129378835,nan,127449,2600
0.1269096472220761,0.02510685663138118,0.9814630248431544,nan,7.312052747287101,18.321500000001606,0.25936941964285753,nan,1229.7193130413752,0.7121350498581949,nan,132349,2700
0.12549431040883058,0.025488576974187598,0.9901351264208851,nan,7.194459236729798,18.37150000000167,0.2630611746651784,nan,1229.7613780119527,0.615525320501983,nan,137249,2800
0.12735871251140324,0.025840962172618935,0.9868081408813959,nan,7.7639123702560875,18.421500000001743,0.2736760602678572,nan,1229.8069831149514,0.6612946616726046,nan,142149,2900
0.12702360857810274,0.026562212547287356,0.9875688251763294,nan,7.16356661706538,18.471500000001804,0.27952566964285736,nan,1229.8496592521496,0.6762768480649315,nan,147049,3000
0.12629414660590033,0.024981507825266043,0.9904875110049091,nan,7.325710540418176,18.52150000000186,0.2793708147321429,nan,1229.8945165120745,0.6294777194133555,nan,151949,3100
0.12636263906955708,0.024569100040410276,0.9910453022838194,nan,7.634450783278314,18.571500000001933,0.27545270647321446,nan,1229.943265510181,0.6603641472645749,nan,156849,3200
0.12711219372493882,0.025889844042914254,0.9876589780376732,nan,7.303173527771149,18.62150000000198,0.27867571149553577,nan,1229.9916846169972,0.6104256115413756,nan,161749,3300
0.12627806676285616,0.025652478342609746,0.9935010199212992,nan,6.138459538869794,18.671500000002048,0.2795553152901783,nan,1230.0366119376274,0.7056894466039105,nan,166649,3400
0.12665930462735014,0.026185227126947475,0.9919769145235182,nan,7.810219501846037,18.7215000000021,0.290851353236607,nan,1230.087633032476,0.6001853008597599,nan,171549,3500
0.12673221513628968,0.02590713785828223,0.9905388221338179,nan,6.939268041964878,18.771500000002177,0.26548618861607154,nan,1230.1414526710703,0.6752385632382509,nan,176449,3600
0.12568197435566356,0.02601663357445172,0.9891257225098836,nan,7.050237558541164,18.82150000000223,0.2771271623883928,nan,1230.1988236192215,0.6376149733997705,nan,181349,3700
0.12709626259548307,0.02611090493521518,0.995218831761173,nan,6.4205623063277795,18.871500000002282,0.268362862723214,nan,1230.254209945202,0.6240790960267137,nan,186249,3800
0.12541775186147,0.026691695398518005,0.9926950258264172,nan,7.093329917072649,18.00058000000234,0.27327601841517923,nan,1237.63675667953,0.6692233015692414,nan,191149,3900
0.12600812973720682,0.026092868755970677,0.988624582810756,nan,6.061921313996529,17.970500000002417,0.26078090122767833,nan,1230.3646361050528,0.651819854774943,nan,196049,4000
0.1251670555557524,0.025624951358352393,0.9949771891912778,nan,6.689068985003792,18.020500000002478,0.26546526227678563,nan,1230.4300682784085,0.6619433149214816,nan,200949,4100
0.1254759351483412,0.025988350305706294,0.9887038662340941,nan,6.36146795227693,18.070500000002532,0.2728508649553568,nan,1230.4846924028775,0.6409778463754849,nan,205849,4200
0.12546952087964325,0.02548431056418588,0.9877051361155256,nan,6.735373810550931,18.120500000002593,0.2702200753348215,nan,1230.5448356696324,0.6417304635644459,nan,210749,4300
0.12600408145359587,0.02596945243355419,0.9872717693094808,nan,6.485168113795333,18.170500000002647,0.2639393833705356,nan,1230.6058211109282,0.6482575963690088,nan,215649,4400
0.12599510861294608,0.02547286825786745,0.9908256504566566,nan,6.384211915109526,18.220500000002716,0.2565394810267854,nan,1230.6723384589548,0.6676888488588262,nan,220549,4500
0.12635200596281468,0.025510255912584923,0.996556073593113,nan,6.089521071495715,18.270500000002766,0.26305524553571413,nan,1230.7391036473118,0.6538995906960056,nan,225449,4600
0.1268329733397281,0.025317869846309918,0.9937936413040157,nan,6.258506006482234,18.320500000002827,0.2715028599330356,nan,1230.80683763329,0.6297466310442168,nan,230349,4700
0.12645131834915707,0.024825055572603394,0.9929955559557306,nan,6.125480916152429,18.370500000002917,0.26519287109375,nan,1230.8677491541669,0.6680503728096169,nan,235249,4800
0.12679303133061956,0.02554227543462599,0.9937535344919083,nan,6.7744022079161965,18.420500000002964,0.2631075613839284,nan,1230.9462918731936,0.6295233424114541,nan,240149,4900
0.1267075854539871,0.026588457688423148,0.9898717035825676,nan,7.10086494572235,18.470500000003018,0.2659423828125001,nan,1231.0099986854107,0.6685994641795541,nan,245049,5000
0.12656221815517962,0.02603790749263552,0.9918294763108946,nan,6.708874670179359,18.520500000003086,0.25589215959821476,nan,1231.0889029702655,0.6512315895060646,nan,249949,5100
0.1267402715342386,0.02599859637873514,0.9923347410640158,nan,6.9737087543823035,18.57050000000313,0.26560686383928567,nan,1231.1565697954309,0.6311238161368462,nan,254849,5200
0.12648423469492376,0.02537534679419227,0.9922765736752682,nan,6.839992863864237,18.6205000000032,0.2604080636160718,nan,1231.2324532331957,0.6811350394175184,nan,259749,5300
0.1262694670472828,0.02591529201982281,0.9958693043591161,nan,6.798291669999652,18.67050000000327,0.2609535435267859,nan,1231.3172695900387,0.6441739327589979,nan,264649,5400
0.12515652392591742,0.02585796078933136,0.9937044344085224,nan,5.847672354814151,18.72050000000332,0.24799211774553592,nan,1231.3887640593125,0.7209997122937765,nan,269549,5500
0.12565546555178506,0.025936969418876937,0.9857410442074788,nan,5.704351894222081,18.770500000003395,0.24167968750000002,nan,1231.4824915654128,0.6198851151363491,nan,274449,5600
0.12480721616319246,0.02513092110864817,0.9931239463990567,nan,6.144225120797827,18.82050000000345,0.26195103236607126,nan,1231.5656227051459,0.6554047292388616,nan,279349,5700
0.12505334004759788,0.025715178504054036,0.9926821196185381,nan,6.330231298045599,18.870500000003517,0.2559912109375002,nan,1231.6606087252362,0.647767051058721,nan,284249,5800
0.1259349979247366,0.024836774850264195,0.9895021223748443,nan,6.696595417095631,18.920500000003564,0.2459681919642858,nan,1231.7480410492894,0.6542328158721245,nan,289149,5900
0.12671153234583987,0.025776248680693784,0.9914531816831195,nan,5.721280771230771,18.970500000003632,0.24852922712053596,nan,1231.8432467707835,0.6758184591075482,nan,294049,6000
0.124026848248073,0.025454964850630042,0.9931896320205251,nan,5.866467897503739,19.020500000003707,0.2439805385044643,nan,1231.9360393887087,0.6084377357219007,nan,298949,6100
0.12531690229262632,0.02581494220665523,0.9907005739449786,nan,6.121037462687471,19.07050000000375,0.24922886439732161,nan,1232.0360649673935,0.6435002905115792,nan,303849,6200
0.12652634929333406,0.026256222371011967,0.9932705257257688,nan,6.87314276351366,19.08046000000381,0.2580493164062502,nan,1239.4712267581938,0.6283006721133385,nan,308749,6300
0.12451859320913045,0.025682058073580268,0.9934374563918487,nan,5.399884081366795,18.16950000000388,0.24937430245535716,nan,1232.2316571766203,0.6475668272539198,nan,313649,6400
0.1244167683167117,0.025318954153252523,0.9947996566161921,nan,6.507494741495097,18.219500000003936,0.2490597098214287,nan,1232.3245527528359,0.6808815024043091,nan,318549,6500
0.12461994141340257,0.025399235545524534,0.9911791694794282,nan,6.524773216126384,18.269500000004,0.2491367885044644,nan,1232.4136117208513,0.6254504298266159,nan,323449,6600
0.12641878349440466,0.02552706230165704,0.9849936760225964,nan,5.803082631383252,18.319500000004048,0.2493530273437498,nan,1232.5199333634666,0.6348417842889253,nan,328349,6700
0.12563163646629882,0.02533541811097945,0.9966940142602314,nan,6.403063956225334,18.369500000004113,0.2392246791294644,nan,1232.63498734649,0.6128638090931677,nan,333249,6800
0.12577533396227017,0.02586485774655426,1.0019383024908382,nan,6.560450435459679,18.419500000004177,0.25341622488839344,nan,1232.7262574810402,0.6741701434034053,nan,338149,6900
0.1255208313252246,0.025567018011850975,0.9916086569759682,nan,6.519848506440576,18.469500000004235,0.24872314453124983,nan,1232.8269477074796,0.6062604194108878,nan,343049,7000
0.12518467705164626,0.02576854159922469,0.9958024175889951,nan,6.129107543443086,18.5195000000043,0.2523657226562504,nan,1232.9297603414343,0.673573552299235,nan,347949,7100
0.1245923137451921,0.025653102427188833,0.9928763711890078,nan,6.975527162397091,18.569500000004357,0.2600481305803571,nan,1233.0350260690134,0.6082122036658968,nan,352849,7200
0.12504636792199933,0.025873237099232418,0.995063420272273,nan,6.968195623250064,18.61950000000442,0.2566469029017863,nan,1233.1480478684553,0.6501947053659026,nan,357749,7300
0.1254073172807693,0.0261136181386454,0.9980710421425203,nan,7.106190372138912,18.66950000000448,0.24759242466517836,nan,1233.2742381516832,0.6132181051622483,nan,362649,7400
0.1255360410894669,0.02520106049520624,0.992996516646319,nan,5.891845856483096,18.719500000004548,0.24364188058035716,nan,1233.3927836943717,0.6801317529076614,nan,367549,7500
0.12452186324766702,0.025818830544927306,0.9907086566446323,nan,5.480774516716571,18.76950000000461,0.24321114676339278,nan,1233.515105435638,0.6187612680038678,nan,372449,7600
0.12498879217675737,0.02573600704382572,0.9882305903856056,nan,6.132452163074979,18.819500000004677,0.2536676897321426,nan,1233.630598935251,0.6626973780843692,nan,377349,7700
0.12531570074813697,0.025564865181222564,0.9890569067387812,nan,6.259734400204775,18.86950000000475,0.2358956473214286,nan,1233.7493554444297,0.6460328972840329,nan,382249,7800
0.12500695541501053,0.025172769456569658,0.990547243878897,nan,5.406257311460443,18.91950000000479,0.2416573660714285,nan,1233.8794093198612,0.5841071096433409,nan,387149,7900
0.12450710411582658,0.025690362565219414,0.9918284364799328,nan,5.793002432744122,18.969500000004842,0.24480119977678588,nan,1234.0173674553973,0.6992697228119066,nan,392049,8000
0.12370797359517646,0.025669859267239064,0.995382165452234,nan,5.437130206519458,19.019500000004914,0.2423374720982145,nan,1234.1415016605977,0.608801685552462,nan,396949,8100
0.1237946307233402,0.024992232868181818,0.9912028918712164,nan,5.885347028320681,19.06950000000498,0.23809221540178588,nan,1234.2637845604813,0.6506152884700287,nan,401849,8200
0.12465793554271981,0.025740282737783,0.9894312234269241,nan,5.909441080146562,19.119500000005036,0.24277553013392858,nan,1234.399776192585,0.6144142422258876,nan,406749,8300
0.12468521022370883,0.02531975028504214,0.9982106097801121,nan,6.085192072726935,19.16950000000509,0.24586774553571436,nan,1234.5346543353487,0.654710876772235,nan,411649,8400
0.12549201262848717,0.02593311895217216,0.9952591705992018,nan,5.810778226208,19.219500000005162,0.23998744419642865,nan,1234.6755563248078,0.5680465746581531,nan,416549,8500
0.12456049278378489,0.02520212355735046,0.9953296114948391,nan,6.488210746514254,19.069300000005214,0.25518868582589266,nan,1242.1751550480765,0.6542704310114125,nan,421449,8600
0.12430268098201074,0.024989452080002857,0.9895441897734422,nan,6.234919265836471,18.318500000005287,0.23615164620535725,nan,1234.9601452103905,0.593549255845189,nan,426349,8700
0.12518001185996164,0.0260829624680004,0.9952140308401222,nan,5.435423309885934,18.36850000000534,0.2409085518973214,nan,1235.1085649170195,0.651148976335011,nan,431249,8800
0.12523478605917523,0.025892600531556762,0.9896885799805883,nan,6.429018809235657,18.41850000000541,0.23014404296875005,nan,1235.263376037209,0.6147390239772264,nan,436149,8900
0.12517077927078518,0.02518406948340789,0.9864396190679584,nan,5.410842481501396,18.468500000005477,0.23733084542410718,nan,1235.4168096211013,0.6644479594396849,nan,441049,9000
0.12478517115116124,0.02559486510365138,0.993153306937314,nan,5.403964973481922,18.51850000000552,0.23890694754464287,nan,1235.57326053777,0.66324301738714,nan,445949,9100
0.12464303427508898,0.026469214931130407,0.9911066683407446,nan,5.519196790795647,18.56850000000559,0.2380067661830361,nan,1235.72280123871,0.6041225462838649,nan,450849,9200
0.12487599260040691,0.025247219961934866,0.9949988280951693,nan,5.852697837881564,18.618500000005643,0.2352242606026786,nan,1235.887149166265,0.5881011913743426,nan,455749,9300
0.12406661057046477,0.025097430881911076,0.9953374345961493,nan,6.087760858010857,18.66850000000571,0.2380991908482144,nan,1236.043320872389,0.6300964283063349,nan,460649,9400
0.12453584330422535,0.025849331026630746,0.9882443066967813,nan,5.957241808613542,18.718500000005765,0.23491315569196425,nan,1236.2002538240724,0.6788437450209035,nan,465549,9500
0.12438307481152665,0.026086171474307744,0.9898465437312136,nan,5.651403450698598,18.768500000005815,0.23965541294642848,nan,1236.3565167809486,0.6606890438098161,nan,470449,9600
0.12397512706262724,0.025453391003289375,0.9865444276513898,nan,6.04266141072555,18.818500000005887,0.23381801060267873,nan,1236.5319384844706,0.6246507712006444,nan,475349,9700
0.12506471961736682,0.025311512228633697,0.9961694443692762,nan,5.844857875075294,18.868500000005955,0.2353934151785716,nan,1236.7119089623184,0.6208863760745169,nan,480249,9800
0.12450345846159104,0.02489385486713476,0.996292493968831,nan,6.387776091324139,18.918500000006013,0.2354750279017856,nan,1236.888585927394,0.6256559866776455,nan,485149,9900
0.12462243563362531,0.025247687170548122,0.9835552672074322,nan,6.556907690183048,18.968500000006074,0.23686872209821425,nan,1237.076274636623,0.6258137179687333,nan,490049,10000
0.12383429401687215,0.02563985218560057,0.9879949785347676,nan,6.1045005516614586,19.018500000006128,0.2303801618303571,nan,1237.2579413104581,0.6478662377377025,nan,494949,10100
0.12416369165693011,0.024808248538257815,0.98591961350306,nan,6.308467423493021,19.06850000000619,0.2280050223214287,nan,1237.4381273597808,0.6601874076733589,nan,499849,10200
0.12487361810037068,0.025388173201520557,0.9894605889896914,nan,6.055654875611629,19.118500000006257,0.2364331054687502,nan,1237.6382217572907,0.6199177517684231,nan,504749,10300
0.12373618888003479,0.024949333186128304,0.9877459858462891,nan,6.400913763978057,19.168500000006315,0.2345853097098213,nan,1237.8458383450652,0.6562635770363132,nan,509649,10400
0.12433433241077832,0.024739824738353483,0.9957392309506073,nan,6.173033204955587,19.218500000006394,0.23673479352678586,nan,1238.0402285714886,0.6423118818610861,nan,514549,10500
0.1237197732712541,0.025694982763379847,0.9893378671876865,nan,5.256434532923365,19.268500000006455,0.22156145368303568,nan,1238.2402287586453,0.647150617194935,nan,519449,10600
0.12461233371070446,0.02591596684817757,0.9881878369549156,nan,5.518344647927598,19.31850000000649,0.23950439453124991,nan,1238.4517353612723,0.6066295769886313,nan,524349,10700
0.12377747435654916,0.024755297257964135,0.9832227134306689,nan,5.891731334995906,19.368500000006566,0.23156319754464294,nan,1238.678285218945,0.6540214324269904,nan,529249,10800
0.12344168096780786,0.024885588913623736,0.9978023638149801,nan,5.84212239692681,19.41850000000663,0.23672781808035712,nan,1238.8872809372588,0.5931109809751064,nan,534149,10900
0.12534004873463053,0.026133806157324996,0.9897934339076987,nan,5.459007044830504,19.46850000000669,0.2192435128348213,nan,1239.0841848799596,0.6375384057503835,nan,539049,11000
0.12328332121883122,0.02552662101574241,0.9873215652368114,nan,5.640116525668343,19.518500000006735,0.2187719726562499,nan,1239.283659892214,0.623319019418226,nan,543949,11100
0.12448904063020434,0.02595613861722604,0.9878011252297698,nan,5.740673629824972,19.568500000006797,0.22632568359375,nan,1239.4924605955764,0.6511932161373314,nan,548849,11200
0.12315813513738771,0.024986602419189048,0.9902271988617483,nan,6.476503807420702,19.618500000006865,0.2293251255580356,nan,1239.7242632010848,0.597290852832748,nan,553749,11300
0.12414201636399541,0.02496248921645538,0.9822946595567454,nan,6.172091418975195,19.66850000000693,0.2292783900669642,nan,1239.9452530287156,0.6762854117905842,nan,558649,11400
0.12465352177619939,0.02558147013719596,0.9816540982331419,nan,5.9436286522069395,19.718500000006998,0.22644914899553575,nan,1240.180842944002,0.6321827105813062,nan,563549,11500
0.12385050777878083,0.02561525134901915,0.9858471382075878,nan,6.301605940433137,19.76850000000705,0.22706194196428559,nan,1240.4372508067995,0.6509863963092518,nan,568449,11600
0.12397539372955049,0.026585433380678286,0.9903239444309496,nan,5.78291895425685,18.977660000007106,0.22518973214285712,nan,1248.0600197895608,0.6177191845098667,nan,573349,11700
0.12319592222571375,0.025309677806549823,0.9846090694022185,nan,5.607830034835112,18.867500000007187,0.22310756138392843,nan,1240.895258535914,0.6359159984321839,nan,578249,11800
0.12379741492015975,0.02591463902433004,0.9792101538334418,nan,6.521107815163579,18.917500000007234,0.2320605468750001,nan,1241.131324066813,0.639854506621717,nan,583149,11900
0.12292449825576371,0.02527181276253293,0.9800374209336438,nan,6.165036682043994,18.967500000007302,0.225437709263393,nan,1241.377059141331,0.6050450098921448,nan,588049,12000
0.12305104777216917,0.0253868301572012,0.9873601428996128,nan,6.150204271507792,19.017500000007377,0.2281166294642859,nan,1241.6349939940844,0.6196354665217014,nan,592949,12100
0.1246338219089169,0.025961549960609,0.9866756155184181,nan,5.338872995183731,19.067500000007403,0.22051374162946427,nan,1241.8806607948977,0.6036761139847605,nan,597849,12200
0.12369783544114664,0.02508013246980097,0.9877534806574946,nan,5.782538103615569,19.11750000000747,0.2300268554687501,nan,1242.134837358075,0.6360141688884465,nan,602749,12300
0.12311286155666638,0.025032933660383734,0.9830177472555934,nan,5.706237030282351,19.167500000007536,0.21942156110491082,nan,1242.3809619717274,0.5904142891292952,nan,607649,12400
0.12536121511033607,0.026217859012207845,0.9846076150224693,nan,5.805273764699816,19.217500000007597,0.2322520228794642,nan,1242.624071978083,0.6433958025271623,nan,612549,12500
0.12316833828176774,0.025413715748914656,0.9849349136471576,nan,6.8708822755471415,19.267500000007665,0.23216587611607167,nan,1242.8841677602775,0.5997776802960344,nan,617449,12600
0.12439261415175024,0.02523208668987667,0.9798797083256997,nan,5.427313795908111,19.31750000000772,0.225956333705357,nan,1243.1533718941582,0.6454511060608572,nan,622349,12700
0.12343963744384906,0.025406181781685765,0.9788927251499678,nan,6.046383221070051,19.367500000007784,0.22480782645089278,nan,1243.4137813182074,0.5996099780798294,nan,627249,12800
0.12495387524366401,0.02599195281176692,0.9806441779886312,nan,6.0813817132194625,18.516600000007845,0.2331553431919645,nan,1251.1131566501263,0.6431062806660431,nan,632149,12900
0.1229281327767032,0.025682135905538292,0.9762467616950445,nan,5.625931292345019,18.46650000000791,0.2310825892857144,nan,1243.9727908929804,0.6487771301992478,nan,637049,13000
0.12350978006209648,0.025482902468315177,0.9799984336322956,nan,6.220019610268144,18.516500000007966,0.22154854910714292,nan,1244.2665213709456,0.5745145851145131,nan,641949,13100
0.12329949393868447,0.025740729873733836,0.9809391616576506,nan,6.137212035460493,18.566500000008034,0.22042131696428569,nan,1244.5530402444851,0.6458514450452857,nan,646849,13200
0.12413876488804818,0.02490258393143971,0.9815694411662488,nan,6.4931420838221285,18.61650000000808,0.2285850306919642,nan,1244.8468485363728,0.6115903474087668,nan,651749,13300
0.1230053474221911,0.024680157117545613,0.9763575950710875,nan,6.216313332530884,18.666500000008146,0.21836600167410727,nan,1245.1309281210388,0.6462777395799544,nan,656649,13400
0.12300820806196762,0.025432457037802253,0.9761499008587475,nan,5.938357278571366,18.71650000000822,0.22074253627232154,nan,1245.4551615337255,0.5981398518115424,nan,661549,13500
0.1235794609997953,0.025607991009684538,0.983694687636012,nan,5.409563509098075,18.766500000008257,0.21774693080357127,nan,1245.7913745917604,0.5656091571197766,nan,666449,13600
0.12274076478821891,0.024856948539880776,0.9758206666596847,nan,5.877257308363195,18.816500000008336,0.2235173688616073,nan,1246.1038375257467,0.6614131069411147,nan,671349,13700
0.12357045839939798,0.02543479020840356,0.9821212011327569,nan,5.730760277029265,18.86650000000839,0.21969656808035715,nan,1246.3980551731945,0.5792041820978133,nan,676249,13800
0.12420317388006628,0.02545081442488089,0.977177549878315,nan,6.027901161984925,18.916500000008444,0.2167396763392856,nan,1246.6859069911222,0.641719812212959,nan,681149,13900
0.12454070523381233,0.025530456885961554,0.979877172618156,nan,6.110940636910923,18.966500000008498,0.2222073800223216,nan,1247.0036625792968,0.6655980052518968,nan,686049,14000
0.12339698670165872,0.026372782351183045,0.9831581823283315,nan,4.940495836741973,19.016500000008573,0.21771170479910712,nan,1247.3517886459028,0.6196922441309554,nan,690949,14100
0.12278083816170698,0.02577557530520216,0.9730762738010729,nan,6.635600849963384,19.066500000008634,0.21844377790178546,nan,1247.6373965062442,0.5787574537721113,nan,695849,14200
0.12257632613182064,0.025024494020534395,0.9773052654447396,nan,5.652206560505686,19.116500000008692,0.2145099748883929,nan,1247.969568954039,0.6418856327453811,nan,700749,14300
0.12386221941028323,0.025060900534902314,0.9620528255094025,nan,6.3020397909678385,19.16650000000876,0.21331996372767856,nan,1248.285308664901,0.6009978895125508,nan,705649,14400
0.1228498127205032,0.025725512902385433,0.9730585824102285,nan,6.2472566228369875,19.216500000008825,0.21905970982142872,nan,1248.645362542795,0.6179701580059804,nan,710549,14500
0.1234368839859962,0.02525147515748227,0.9709519350747531,nan,6.111201801654921,19.266500000008875,0.22200823102678582,nan,1248.9781649527613,0.6192492901677704,nan,715449,14600
0.12300705664924211,0.025091851587806416,0.9705626645026985,nan,6.202720541854692,19.316500000008954,0.22295270647321427,nan,1249.3159296982062,0.6392714555427861,nan,720349,14700
0.1234822356700896,0.024428239587162243,0.9653027087277404,nan,5.829907604587935,19.366500000009,0.22084995814732147,nan,1249.6440978705505,0.6281418583109871,nan,725249,14800
0.12339839581932334,0.025996255052408986,0.9654861243778126,nan,5.784437955640489,19.41650000000906,0.2157135881696429,nan,1249.9960168657892,0.6247355074895147,nan,730149,14900
0.12356274319546563,0.025030402245798288,0.9685902887561739,nan,6.090811539485581,19.466500000009134,0.21076660156249988,nan,1250.3443133015235,0.6180175449542363,nan,735049,15000
0.12372856755341807,0.025983924875035858,0.9667359777770095,nan,7.051202868783238,19.516500000009174,0.2227298409598215,nan,1250.6733371594582,0.6253900484236077,nan,739949,15100
0.12332524301750313,0.02577977487551315,0.9676137766460611,nan,6.594240686945775,19.566500000009235,0.21477748325892862,nan,1251.0105476808637,0.6259297792039367,nan,744849,15200
0.12296996857438762,0.025498436064060243,0.959519644183466,nan,6.338087745275656,19.616500000009303,0.21257969447544645,nan,1251.3810615578163,0.6683153406811878,nan,749749,15300
0.12302289375237051,0.025320246441821972,0.9597110687029768,nan,5.838606135876662,19.666500000009368,0.21728306361607158,nan,1251.7287184345382,0.5729640449519708,nan,754649,15400
0.12322233911071509,0.026112938758784097,0.9718588235383318,nan,6.758228946899343,19.716500000009436,0.2254558454241071,nan,1252.0794197167102,0.5902416222007901,nan,759549,15500
0.12187342124325894,0.024830290792243852,0.9684049713874534,nan,5.814208251799309,19.76650000000949,0.2106038992745537,nan,1252.476688970957,0.6401912131949765,nan,764449,15600
0.12235904946923257,0.023905812370191706,0.9600989125681417,nan,6.805511653759308,19.816500000009558,0.22121704101562503,nan,1252.8470347076889,0.6192135410364463,nan,769349,15700
0.12368926648582733,0.025725267842145908,0.9671606562146651,nan,6.073263459648936,19.8665000000096,0.20438232421875005,nan,1253.2149518681044,0.5904568754647331,nan,774249,15800
0.12302593248231068,0.02583326123920933,0.9622814897393356,nan,6.570088594745872,19.69628000000967,0.22137730189732158,nan,1261.0599022771817,0.6150383944590503,nan,779149,15900
0.12357691194329953,0.025063217098691623,0.9569702644164664,nan,6.050303803840325,18.965500000009747,0.2190523856026788,nan,1253.9862350059968,0.6111304167635018,nan,784049,16000
0.12406788029841022,0.02638865878406378,0.9661176137448872,nan,6.651097039679219,19.015500000009805,0.20673479352678564,nan,1254.3797548119478,0.6367983351181613,nan,788949,16100
0.12281724084700855,0.024562183001211702,0.9628558507948174,nan,5.940511424323195,19.06550000000986,0.21916259765625004,nan,1254.779117501792,0.6286435776551708,nan,793849,16200
0.12377728134393683,0.02487789303064347,0.9569059362498793,nan,6.151945939808482,19.11550000000992,0.2115898786272324,nan,1255.190902096807,0.6194007063090556,nan,798749,16300
0.12197690442204472,0.024637045304157904,0.9675255655419697,nan,6.371383443218806,19.165500000009974,0.22305698939732144,nan,1255.5921598729312,0.6292534810216183,nan,803649,16400
0.12262404837778634,0.025118297875991877,0.9524072293817253,nan,6.025350819136256,19.215500000010042,0.20527744838169656,nan,1255.9809117780553,0.6037230321594639,nan,808549,16500
0.12272856444120402,0.025908982051270343,0.955577746804576,nan,5.978721650730796,19.265500000010096,0.20871233258928568,nan,1256.4132992282314,0.6295769234985757,nan,813449,16600
0.1230275895765849,0.025115652935845497,0.9547344755838647,nan,5.960941378989618,19.31550000001016,0.22217320033482132,nan,1256.828362207221,0.5650352812066399,nan,818349,16700
0.12339691338794576,0.02524033471409763,0.9548953207264335,nan,6.509647083844657,19.365500000010222,0.21736781529017873,nan,1257.260647489172,0.64575266632688,nan,823249,16800
0.12294202493769778,0.0251527137854802,0.9567616437110744,nan,6.194098664423764,19.415500000010287,0.20899100167410714,nan,1257.7054986946457,0.633185968144182,nan,828149,16900
0.12353687512023111,0.025696856668218995,0.9602671663971442,nan,5.453459161640573,19.465500000010337,0.20668701171874995,nan,1258.1375265973381,0.6500468587463218,nan,833049,17000
0.12270617648959159,0.025221659181905644,0.9498732954859505,nan,6.291779135041456,19.515500000010398,0.20237200055803548,nan,1258.539701004114,0.5967203643972352,nan,837949,17100
0.12286442643829756,0.02600333686119745,0.9501571772418421,nan,6.648608741652641,19.565500000010474,0.21562604631696441,nan,1258.981835740401,0.605090768426308,nan,842849,17200
0.12244915383202695,0.024507565700582122,0.9520868609157769,nan,6.932795204421753,19.615500000010524,0.20560198102678576,nan,1259.4116629062285,0.6275047622273627,nan,847749,17300
0.12296091869473458,0.02553504202914026,0.9489933934545891,nan,6.118304555370211,19.66550000001059,0.21040352957589287,nan,1259.8562056717233,0.6268184326743552,nan,852649,17400
0.12164983762162065,0.02468737468788665,0.9520153037285872,nan,6.004437667924262,19.715500000010664,0.20758649553571432,nan,1260.3019518256767,0.6083999125297216,nan,857549,17500
0.1220097761281899,0.02480573541085636,0.9477218098088104,nan,6.486991598215508,19.765500000010725,0.21214599609375004,nan,1260.7414555476792,0.6265890222299214,nan,862449,17600
0.12302613356283737,0.02429589668554919,0.9432025223963606,nan,6.019470792981375,19.815500000010783,0.2153543526785713,nan,1261.1600030121213,0.5753597702423395,nan,867349,17700
0.12321368021624429,0.025365625367100755,0.9507612191013659,nan,6.787240267237058,19.78542000001084,0.21328194754464297,nan,1269.1641193616945,0.6221340073319443,nan,872249,17800
0.1224458086064884,0.025625687169709387,0.9440597741752331,nan,6.159516669780658,18.914500000010896,0.20404889787946429,nan,1262.07174547292,0.6481603831172791,nan,877149,17900
0.122385507779462,0.024585570208728334,0.935407362185334,nan,6.782838984231432,18.964500000010954,0.2269325474330358,nan,1262.5357974552728,0.589045348010728,nan,882049,18000
0.12335652236427583,0.025241130895114396,0.9412030490195039,nan,6.962780749794514,19.01450000001102,0.20790073939732134,nan,1262.9802837918246,0.6439687092149002,nan,886949,18100
0.12284204493675915,0.025747779096875863,0.9533480730342326,nan,6.743493456538614,19.064500000011073,0.21633231026785701,nan,1263.4296558346305,0.6220582044598574,nan,891849,18200
0.12230938630444656,0.025253615697313662,0.9364458927538258,nan,5.899637092782918,19.11450000001114,0.20758335658482152,nan,1263.8940032691446,0.6044774923730764,nan,896749,18300
0.12325004164661676,0.025571882820555152,0.9427802508644918,nan,6.46076241653434,19.16450000001121,0.21411847795758934,nan,1264.3467908119378,0.5928481506430019,nan,901649,18400
0.12285924570901055,0.02548642284103803,0.938857352339931,nan,6.643134411543311,19.21450000001125,0.20944475446428584,nan,1264.7852057575474,0.6504168212256832,nan,906549,18500
0.12231203119669647,0.025401059503534003,0.9394537464316004,nan,7.147862943381051,19.26450000001132,0.21616489955357127,nan,1265.2592032889277,0.6308593721344835,nan,911449,18600
0.12337258430463928,0.025880098277702938,0.9414017273119133,nan,6.829546751261697,19.3145000000114,0.21730887276785726,nan,1265.71387754947,0.6190715675125975,nan,916349,18700
0.12260714645896637,0.025615035995308868,0.9466686397235354,nan,5.692349093962231,19.364500000011464,0.19872140066964297,nan,1266.1566824309787,0.5857019507120379,nan,921249,18800
0.12265816235116545,0.0247740332156952,0.943302704629258,nan,7.48220433630459,19.41450000001151,0.2154690987723215,nan,1266.580939728087,0.6384898094928395,nan,926149,18900
0.12255235346300261,0.025340659860521534,0.930706314463718,nan,6.22104575786234,19.46450000001157,0.20366367885044628,nan,1267.0345587042957,0.5747875362267751,nan,931049,19000
0.12310743380870144,0.02568225995637477,0.94106280186352,nan,6.62056494075956,19.514500000011633,0.2146937779017855,nan,1267.5521789514971,0.6155107632448666,nan,935949,19100
0.12247188093406815,0.02548860972215019,0.9365903503380254,nan,6.468273799728191,19.564500000011694,0.2053118024553569,nan,1268.0286361435315,0.6237544447115065,nan,940849,19200
0.12229521295854029,0.024761908281860614,0.9309622126357349,nan,6.206177650964008,19.614500000011752,0.20254656110491057,nan,1268.5066539426718,0.6207769171870776,nan,945749,19300
0.1209031667241028,0.024674557537904818,0.9392327661473096,nan,6.345590468448155,19.664500000011817,0.2062360491071429,nan,1269.0056192442473,0.594387429201867,nan,950649,19400
0.12213671754513464,0.025514811620648416,0.9315196543638276,nan,6.265524074859673,19.714500000011874,0.21245779854910682,nan,1269.5209994802246,0.652744749663532,nan,955549,19500
0.1216690860475812,0.025326045693031367,0.9387114063564106,nan,5.684310968009802,19.764500000011928,0.20649693080357137,nan,1270.0115856223679,0.5836418436341361,nan,960449,19600
0.12172182015010288,0.025401605820017215,0.9382058923234264,nan,6.631691905031025,19.714400000011995,0.21387956891741067,nan,1278.021677109678,0.5898545043345911,nan,965349,19700
0.1223889925863061,0.024886698548548997,0.9333697362073983,nan,6.361858733461209,18.863500000012053,0.20800903320312505,nan,1270.9344096887835,0.6039499448946718,nan,970249,19800
0.12284748477595189,0.025064010098576554,0.9349831425724838,nan,6.673337244616015,18.913500000012117,0.19977643694196442,nan,1271.4032335079971,0.6425970418392083,nan,975149,19900
0.12282731130719185,0.025806894706828242,0.9378426981592185,nan,6.764094873662004,18.96350000001219,0.20945870535714278,nan,1271.9803333022003,0.5977261252924089,nan,980049,20000
0.12321138731070921,0.025402822493176356,0.9383173820632189,nan,7.083942285631412,19.01350000001223,0.2081291852678572,nan,1272.500329274203,0.6287856712536355,nan,984949,20100
0.12241029158234598,0.024605243223320153,0.9248283220316967,nan,6.284912682200606,19.06350000001229,0.21143240792410717,nan,1273.0428290941622,0.6039121001313263,nan,989849,20200
0.12272300892642563,0.02526032052401987,0.9336572195688737,nan,6.498822558525175,19.113500000012355,0.22281180245535695,nan,1273.5296287072329,0.5761969229646422,nan,994749,20300
0.12333414846232951,0.025529553550960774,0.929335617451132,nan,6.311982683562462,19.163500000012423,0.21293143136160703,nan,1273.9720036953481,0.6022741475641816,nan,999649,20400
0.12191806776182984,0.024273471805666167,0.920078473358193,nan,5.9096668857208705,19.213500000012484,0.20493059430803584,nan,1274.4621359507414,0.6224884564554565,nan,1004549,20500
0.12182179301977153,0.0248888336787266,0.9321033432580123,nan,6.868386119302618,19.26350000001254,0.20723964146205362,nan,1274.9558434704381,0.6011308590463054,nan,1009449,20600
0.1223138324490616,0.02513930397507332,0.9394955594468771,nan,6.526195189635899,19.3135000000126,0.2043294852120534,nan,1275.4965211921892,0.6337971945880163,nan,1014349,20700
0.12186158342020849,0.0257474879774132,0.9232452057007609,nan,6.1617612174357195,19.363500000012674,0.2019049944196429,nan,1275.9725349941912,0.616216540277133,nan,1019249,20800
0.12235980440463334,0.025626195123685278,0.9261393252714125,nan,6.941502337462498,19.413500000012714,0.20622820172991088,nan,1276.4624918960153,0.6428599743748019,nan,1024149,20900
0.1237848957734449,0.02566204577285264,0.9252698158140267,nan,7.0035866288359845,19.463500000012793,0.20933628627232143,nan,1276.9887613686326,0.5695478356169175,nan,1029049,21000
0.12219364779336106,0.024959965695493996,0.9268044618180474,nan,7.171549811780448,19.513500000012847,0.2131588309151784,nan,1277.5060726902313,0.6484409813291674,nan,1033949,21100
0.12244755902460641,0.02503271410773909,0.9178970320306631,nan,7.50828990693584,19.56350000001291,0.2093334960937502,nan,1278.0272353756684,0.5986544025718866,nan,1038849,21200
0.12173465002860331,0.02536948475454537,0.9211686461567311,nan,5.821725537692903,19.613500000012966,0.202766810825893,nan,1278.5861317806123,0.6372358810269343,nan,1043749,21300
0.12198427549430303,0.025171444933595417,0.9169316951975668,nan,6.134237133630919,19.66350000001303,0.2047633579799109,nan,1279.0586444834012,0.5839920672928041,nan,1048649,21400
0.12231483940567288,0.025207484816866268,0.9254281106650465,nan,7.457549055810457,19.713500000013095,0.21507829938616088,nan,1279.5863717758036,0.6210132499665532,nan,1053549,21500
0.12277406066656119,0.0251963215201561,0.9099435905888302,nan,6.413738684032694,19.763500000013156,0.2023322405133929,nan,1280.1140449160625,0.6253471413898753,nan,1058449,21600
0.12234458163380606,0.02571506536698765,0.9228678025569685,nan,6.587791409443342,19.81350000001322,0.21190011160714306,nan,1280.6495354940764,0.6055810424357854,nan,1063349,21700
0.12170190278972905,0.025092733151146348,0.9118425370389293,nan,6.709135751789041,19.80344000001328,0.21880196707589278,nan,1288.8171601468712,0.6313303319796179,nan,1068249,21800
0.12324558377265933,0.02487298246473074,0.920597746123307,nan,6.896060523497236,18.912500000013342,0.21308837890625,nan,1281.7189951949556,0.6452109833937044,nan,1073149,21900
0.12156006140368335,0.02537026170641185,0.925084151987866,nan,6.515895491792864,18.96250000001341,0.19549630301339282,nan,1282.3109253334296,0.5898037265088248,nan,1078049,22000
0.12207027365054403,0.025264934016657747,0.9149442872398176,nan,6.792281082946162,19.01250000001347,0.19784127371651794,nan,1282.887144377273,0.6186394389786654,nan,1082949,22100
0.12183495161788808,0.02570462777944549,0.9192290869489179,nan,6.842514462863732,19.062500000013507,0.21049455915178567,nan,1283.3514660091055,0.6174662869471008,nan,1087849,22200
0.1217149611668926,0.02551498654165438,0.9199768812607406,nan,6.684604448064827,19.112500000013576,0.20706403459821449,nan,1283.8321104824777,0.6152952064850898,nan,1092749,22300
0.1223305161510195,0.025153312732332508,0.9118755372921981,nan,6.472186527580141,19.162500000013637,0.213803013392857,nan,1284.2733023751684,0.6305339225589693,nan,1097649,22400
0.12284485001649179,0.024383374866364257,0.9171395215865056,nan,6.821774090554552,19.212500000013698,0.20739327566964258,nan,1284.7259171517514,0.593904695590688,nan,1102549,22500
0.12136473129902568,0.0253090340165155,0.912620438950076,nan,6.57809847450781,19.262500000013766,0.19989501953125008,nan,1285.2272280703703,0.6659280350250214,nan,1107449,22600
0.12223530194589063,0.02524419870227576,0.9118496074445451,nan,7.079303801621637,19.312500000013824,0.201465541294643,nan,1285.7287796994926,0.6246053660091792,nan,1112349,22700
0.12151969922440399,0.025328688884952245,0.9179353342774256,nan,6.398201896006211,19.36250000001389,0.20052176339285727,nan,1286.270701177817,0.6328237854259195,nan,1117249,22800
0.12160125500389518,0.02508214310476822,0.9201824068841682,nan,6.474803978874718,19.412500000013946,0.20017368861607115,nan,1286.7753079802862,0.6331961384022968,nan,1122149,22900
0.12161929571202816,0.025307248625904326,0.9073159109589023,nan,6.746383019328976,19.462500000014007,0.2120166015625,nan,1287.2877273487602,0.6023762383298461,nan,1127049,23000
0.12131407141685487,0.02449460226244163,0.9151830552837549,nan,7.148191246011034,19.512500000014082,0.20630301339285698,nan,1287.7840252026165,0.6468403886621199,nan,1131949,23100
0.12114253093089372,0.024583099867616365,0.9072201668711948,nan,6.222735648316107,19.56250000001413,0.20888828822544653,nan,1288.3152694565358,0.5997526114373499,nan,1136849,23200
0.12139902459723612,0.02497401277135528,0.9021552322298634,nan,7.160610114100827,18.691580000014195,0.20957972935267877,nan,1296.5578184294775,0.5827436171149696,nan,1141749,23300
0.12214466916663302,0.025269960726478274,0.9074980964034746,nan,6.829530475710371,18.661500000014247,0.20633126395089296,nan,1289.3941403213846,0.630922171561392,nan,1146649,23400
0.12158704006246147,0.025208091958026816,0.9166728743162812,nan,6.682220409905324,18.711500000014315,0.19654575892857126,nan,1289.983377275306,0.6323222245139324,nan,1151549,23500
0.12129900951470642,0.02461877711516408,0.9161526152936806,nan,6.073863231028821,18.761500000014376,0.20483101981026774,nan,1290.5846911884464,0.573247962859948,nan,1156449,23600
0.12236218861171186,0.024990294900323652,0.9033587212533424,nan,6.483843986245231,18.81150000001443,0.1989195033482142,nan,1291.206340569831,0.6135913558343287,nan,1161349,23700
0.12257282493369918,0.0247024435230664,0.9139518430756546,nan,7.042595938868019,18.861500000014498,0.20394670758928574,nan,1291.755504214556,0.6118326744227358,nan,1166249,23800
0.12293871289917407,0.02546724483636875,0.8968115305129927,nan,7.0566292087010645,18.911500000014556,0.21050432477678596,nan,1292.4467874201687,0.6032724750064206,nan,1171149,23900
0.12086603958691867,0.02486633705773526,0.9155411974457719,nan,6.822491737243167,18.961500000014613,0.2087412806919643,nan,1293.075210839847,0.6269682404386544,nan,1176049,24000
0.12235948311431065,0.025896379456722296,0.8967260235489348,nan,6.923005487152396,19.011500000014678,0.2053878348214286,nan,1293.6919390259357,0.6009513695403341,nan,1180949,24100
0.12253989864672933,0.024601375823840494,0.8980844677342886,nan,7.598236161904905,19.061500000014743,0.20384835379464303,nan,1294.3300397324738,0.6219601176327292,nan,1185849,24200
0.12127829032284881,0.024637792335290964,0.8957507891411384,nan,6.989809144825306,19.111500000014807,0.20327950613839305,nan,1295.0067958952397,0.6203939890834377,nan,1190749,24300
0.12126149865133418,0.024543572161346686,0.9118739884908008,nan,6.6617800600938395,19.161500000014886,0.20478445870535716,nan,1295.6093137560931,0.5943121801947447,nan,1195649,24400
0.12115069540483611,0.02564303531178405,0.9023406844479008,nan,6.9813863238006615,19.21150000001493,0.20282889229910697,nan,1296.2133213894924,0.6217129094225854,nan,1200549,24500
0.12161944423403069,0.025251039958425908,0.9044174500627818,nan,5.961019756574527,19.261500000014994,0.21101143973214295,nan,1296.8328935540162,0.5711528958410852,nan,1205449,24600
0.12337114804557409,0.025536231910809892,0.914673605207348,nan,6.59436516659543,19.311500000015062,0.21023402622767856,nan,1297.5024730972675,0.6078558875807345,nan,1210349,24700
0.12158709338733126,0.02530798048845359,0.904970381541516,nan,7.757267583562501,19.361500000015106,0.21229980468750015,nan,1298.2352600109255,0.6024380601771335,nan,1215249,24800
0.12082403108477588,0.02513839734718203,0.8972543080313309,nan,6.695803693433954,19.411500000015174,0.20429582868303575,nan,1298.895940494,0.5867165709871729,nan,1220149,24900
0.12240099530134883,0.02542758408667786,0.8969485072181577,nan,6.837971126314916,19.461500000015242,0.20989484514508958,nan,1299.507262478384,0.6027752811299979,nan,1225049,25000
0.12159494387251994,0.025054827686399234,0.8983158185821638,nan,7.123959459975911,19.511500000015296,0.1987817382812502,nan,1300.040737518452,0.6347581357571592,nan,1229949,25100
0.1206479425302573,0.025080705651614296,0.8941006193572836,nan,6.447028416722413,19.56150000001536,0.20542218889508893,nan,1300.654078172277,0.6334093458950403,nan,1234849,25200
0.12222149074077618,0.025091490561940853,0.9011660517415447,nan,6.717544870253637,19.61150000001541,0.20284005301339297,nan,1301.2036131089642,0.5956976173921741,nan,1239749,25300
0.12183969018714759,0.025053032635311983,0.9057496088911389,nan,7.256370929457582,19.66150000001549,0.2043075125558037,nan,1301.7649862054739,0.6300820097679443,nan,1244649,25400
0.12242043512208126,0.024965776966086435,0.8970272428660183,nan,6.380371215516459,19.711500000015544,0.20142822265625032,nan,1302.3501120600617,0.5920261935972656,nan,1249549,25500
0.12171897939273306,0.02523415547130362,0.8989754919895835,nan,6.8545813350499385,19.76150000001561,0.2124204799107143,nan,1302.9897314107923,0.5769949391886772,nan,1254449,25600
0.12231793663331436,0.025303968506466063,0.9024538445928373,nan,7.014948269961619,19.811500000015666,0.19585623604910718,nan,1303.6607042639107,0.6227645297375787,nan,1259349,25700
0.12151780381798742,0.02527899466987164,0.8955616270113403,nan,7.245868517594932,19.861500000015727,0.2004891531808035,nan,1304.2367881512023,0.5856900199028714,nan,1264249,25800
0.1230213909489767,0.02561038317424912,0.8836302155225234,nan,6.826437556618601,19.471060000015786,0.20275948660714277,nan,1312.6706271754422,0.6360261820851701,nan,1269149,25900
0.12031719180090082,0.02493115499615671,0.8916825634068822,nan,6.939141179381844,18.96050000001583,0.20709838867187522,nan,1305.4301392491132,0.586343237803034,nan,1274049,26000
0.12132356109363696,0.02389302143827077,0.8912062349998003,nan,7.148220479816618,19.010500000015895,0.2110442243303573,nan,1306.0472499377424,0.641622169685152,nan,1278949,26100
0.12148358494043356,0.025357045882514574,0.9053735202321811,nan,6.215059200824984,19.060500000015967,0.20637451171874996,nan,1306.6932759559975,0.5784325367058657,nan,1283849,26200
0.12123471521905495,0.02428377318728182,0.8920146352428566,nan,6.711511183719375,19.110500000016014,0.19499965122767837,nan,1307.2377597190887,0.6395695258248252,nan,1288749,26300
0.121376780548266,0.02538690423592927,0.893877156420903,nan,6.639224513625002,19.16050000001608,0.20086809430803604,nan,1307.795728172887,0.5989085598819069,nan,1293649,26400
0.12246568311538018,0.025913413387856323,0.8947991501693556,nan,6.5842521543071175,19.210500000016143,0.2098158482142857,nan,1308.412167489766,0.5682697824521112,nan,1298549,26500
0.12173516039337429,0.025193229530538833,0.9004228161968288,nan,7.184858322210974,19.260500000016197,0.20865966796874988,nan,1308.9974925580095,0.627087395555531,nan,1303449,26600
0.12197133902992523,0.025643308269126065,0.8875034599193735,nan,7.272393140101978,19.310500000016265,0.1972138323102679,nan,1309.5681422134815,0.6840297802065095,nan,1308349,26700
0.12155242142932762,0.025194626977401123,0.8924908433995478,nan,5.9423951976612175,19.36050000001634,0.1979146902901786,nan,1310.0792378099375,0.5945634191746019,nan,1313249,26800
0.12074378777827541,0.024600059531096913,0.8952996408425704,nan,6.990905059604807,19.41050000001638,0.20840576171874997,nan,1310.6167088359502,0.6140964227626686,nan,1318149,26900
0.11978993066719604,0.024875173109716597,0.8883119957236391,nan,6.693027759540852,19.460500000016445,0.19890781947544647,nan,1311.2390631955302,0.5901576004825819,nan,1323049,27000
0.12060437528150417,0.024639238128438597,0.8841549864569009,nan,6.075615289230348,19.51050000001652,0.20290841238839305,nan,1311.7930461943429,0.6032840221348307,nan,1327949,27100
0.12149995999676849,0.02493528474388375,0.8929605315877858,nan,6.878076671400321,19.560500000016575,0.20309884207589288,nan,1312.3486173809888,0.62688488534476,nan,1332849,27200
0.12121647357940668,0.024834106197314597,0.8913661872982833,nan,6.258160920067755,19.610500000016636,0.19152029854910713,nan,1312.8432182968695,0.6213615067994078,nan,1337749,27300
0.12087537693125859,0.025057660268087447,0.885477318282659,nan,7.142837097852773,19.660500000016686,0.20465959821428567,nan,1313.3424959601375,0.6063448921289832,nan,1342649,27400
0.12162764872823438,0.025365395850635013,0.8782578998930378,nan,6.948205532551304,19.71050000001675,0.20502947126116067,nan,1313.9221947937497,0.6157686084134079,nan,1347549,27500
0.1221946251818113,0.025105235576629657,0.8830714312620432,nan,6.71109352735527,19.760500000016812,0.19616036551339278,nan,1314.4798342931942,0.6217737022518439,nan,1352449,27600
0.12191981762647633,0.025436369589130776,0.8798344183661903,nan,6.846401319120948,19.810500000016876,0.20225760323660724,nan,1315.038289789688,0.6290802870607927,nan,1357349,27700
0.12245784759521486,0.025604077778490508,0.893400796328253,nan,6.287110321535008,19.86050000001694,0.19990112304687518,nan,1315.6548537066642,0.5772277016161564,nan,1362249,27800
0.1218622359420571,0.025467862856707397,0.8870495819029248,nan,6.88445171882803,19.910500000016995,0.20328264508928545,nan,1316.212929595258,0.6361639815445019,nan,1367149,27900
0.12088981106877321,0.02436719657587152,0.8867304726209063,nan,7.3637703022057845,19.96050000001705,0.20131208147321417,nan,1316.7910502108912,0.607314693220159,nan,1372049,28000
0.12119580151779313,0.02559045457281176,0.8786209448651138,nan,6.6027421338244405,20.010500000017117,0.19561802455357172,nan,1317.4568778106172,0.614070131076858,nan,1376949,28100
0.1213642189119544,0.025733453636722876,0.8824376103368365,nan,6.882327060774983,20.060500000017182,0.20382324218749995,nan,1318.032503624433,0.6072003901343749,nan,1381849,28200
0.12157133455787383,0.02528566093583193,0.8906681184216408,nan,7.133683457102452,20.11050000001725,0.20121669224330366,nan,1318.6675584997993,0.6112729938023096,nan,1386749,28300
0.12070601618715698,0.02483615127392113,0.86849924072168,nan,6.8259861114112095,20.1605000000173,0.20053623744419638,nan,1327.267100842259,0.6087458628389599,nan,1391649,28400
0.122324823545558,0.02555375649992909,0.8753048100104265,nan,7.009027512486869,19.20950000001736,0.20139456612723203,nan,1320.040817011596,0.5903868395365862,nan,1396549,28500
0.12277480129684723,0.025644578893802027,0.8840993800661283,nan,7.57048455029218,19.25950000001742,0.20896344866071412,nan,1320.640966173916,0.5951108054454778,nan,1401449,28600
0.12091079528842648,0.02431212577569698,0.8639441296958087,nan,6.928935053750652,19.309500000017483,0.20437569754464277,nan,1321.2772460641402,0.5852561467956208,nan,1406349,28700
0.12087037618671145,0.024925866672503107,0.8960923660549759,nan,7.703832041165769,19.35950000001755,0.20832292829241067,nan,1321.9827832584174,0.6707733907181535,nan,1411249,28800
0.12235789143613404,0.025746416553322767,0.8780360246438178,nan,6.620088387757188,19.409500000017612,0.2001496233258928,nan,1322.5771942535014,0.6225231699435722,nan,1416149,28900
0.12046922777380265,0.025313168697591325,0.8827860131175029,nan,6.781607305167139,19.45950000001767,0.21095912388392857,nan,1323.1352378745403,0.5805218992556805,nan,1421049,29000
0.12157147435205327,0.024622978639921987,0.8701608048125963,nan,7.533454299505575,19.50950000001773,0.2034268624441962,nan,1323.7484347590098,0.6492175106084523,nan,1425949,29100
0.12113238240991311,0.025210220787142013,0.8733676268697409,nan,6.610949781088889,19.559500000017792,0.2032296316964285,nan,1324.4258981755222,0.6013977194496603,nan,1430849,29200
0.12058388258729669,0.02472566031185644,0.8714266938138892,nan,7.227541569334738,19.609500000017846,0.19576729910714297,nan,1325.130472029009,0.6495782627518717,nan,1435749,29300
0.1205068684262889,0.02491866303474777,0.878274091434846,nan,7.2151539377107055,19.659500000017907,0.19218819754464295,nan,1325.8815236843725,0.584722996930117,nan,1440649,29400
0.12140766801578662,0.025273389479677603,0.8740323872073206,nan,6.52196815148498,19.709500000017975,0.19434570312499988,nan,1326.5647488545853,0.6095178870788972,nan,1445549,29500
0.12144561880401203,0.024743345149659663,0.8747925364149763,nan,6.626153818782443,19.759500000018036,0.19837576729910697,nan,1327.2689308242423,0.6012596449911504,nan,1450449,29600
0.12152009025216104,0.024688987066703173,0.871518010412011,nan,5.897581094341192,19.809500000018105,0.19556640625000005,nan,1328.082687516617,0.6137184905511467,nan,1455349,29700
0.12149945218648228,0.02541279729389189,0.8767644511477317,nan,6.193553606516273,19.198840000018148,0.2069022042410717,nan,1336.6740017865723,0.5753168793726537,nan,1460249,29800
0.12135466054081921,0.02466326569606153,0.8835815970914449,nan,7.167205408175211,18.908500000018226,0.20134381975446436,nan,1329.2897372248624,0.6612508763951742,nan,1465149,29900
0.12049394198826383,0.02533803782824957,0.8883892482754844,nan,5.954098373877861,18.95850000001828,0.19858119419642875,nan,1329.9086857488683,0.5892944069945176,nan,1470049,30000
0.12135852019701682,0.025402581864701856,0.8737497212039487,nan,5.752042561956254,19.008500000018334,0.2008370535714286,nan,1330.427050607347,0.5905547247252864,nan,1474949,30100
0.12118595123291005,0.024640870951116084,0.8675230613034524,nan,6.54276540921697,19.058500000018405,0.19805908203124994,nan,1331.0084049963243,0.6060605507990433,nan,1479849,30200
0.12197240625109,0.02570765450197669,0.8745881138628048,nan,7.095487733716712,19.108500000018466,0.20910993303571437,nan,1331.5993424462079,0.5977944027945807,nan,1484749,30300
0.12111830553838188,0.025600199961502663,0.8687285601833841,nan,6.877402279921227,19.158500000018527,0.20395298549107144,nan,1332.1495221269638,0.6312715725633777,nan,1489649,30400
0.1210117167660169,0.025230341392702305,0.8465679232392335,nan,6.801353875253396,19.208500000018585,0.1998320661272322,nan,1332.884270739307,0.6413184389351031,nan,1494549,30500
0.12087178683706691,0.024672217031142536,0.8639471166184769,nan,6.89560032447047,19.258500000018646,0.19189104352678568,nan,1333.5820465771876,0.601783755845931,nan,1499449,30600
0.1215464348452432,0.025660231565790507,0.8525130938291728,nan,7.146909965723821,19.308500000018707,0.20392159598214277,nan,1334.1751731149839,0.6407224501961742,nan,1504349,30700
0.12088605150580406,0.024758629009925863,0.8707402814824017,nan,7.335091637593416,19.358500000018765,0.19989397321428568,nan,1334.7949879014593,0.6300402636309229,nan,1509249,30800
0.12117971956729899,0.024784623238125008,0.8619592690119539,nan,6.644800211594829,19.408500000018826,0.2043865094866071,nan,1335.4327846889737,0.5654619434852843,nan,1514149,30900
0.12137571871280667,0.024785172018621654,0.8725377565853477,nan,6.736772698900491,19.4585000000189,0.20084333147321404,nan,1336.031743773007,0.6370564218810204,nan,1519049,31000
0.12032586050885057,0.02455225318936366,0.8725387051265168,nan,7.2196567665714175,19.508500000018955,0.2028351702008928,nan,1336.8138906208312,0.6368653000672366,nan,1523949,31100
0.11990069593702046,0.025302096768947575,0.8729897789040303,nan,6.319847261608411,19.558500000019027,0.20248395647321446,nan,1337.4594399997186,0.581431722427643,nan,1528849,31200
0.12140629170196394,0.02515032648774128,0.863543892708372,nan,7.834514501580177,19.608500000019088,0.2046536690848214,nan,1337.9820269054592,0.6242530988959478,nan,1533749,31300
0.12070087205086444,0.025211048860635087,0.8780247202807007,nan,6.877529806507968,19.65850000001912,0.20071219308035715,nan,1338.5602674752536,0.6185636124979897,nan,1538649,31400
0.12098722653729575,0.024599258833165664,0.8637966693798604,nan,7.041681279584079,19.708500000019217,0.1996913364955359,nan,1339.14572395473,0.5703454434391637,nan,1543549,31500
0.1204189739269869,0.025165245108572536,0.8755412068685258,nan,6.693239946870552,19.758500000019254,0.20155517578125004,nan,1339.8939166206646,0.6346504443345105,nan,1548449,31600
0.12127307312829155,0.0243882744998804,0.8701449636931419,nan,7.324908938684325,19.808500000019315,0.20050188337053576,nan,1340.5358328669734,0.6428761478593596,nan,1553349,31700
0.12119517383830884,0.02480951159394215,0.8729904869050086,nan,7.016952383745863,19.858500000019383,0.1984371512276787,nan,1341.060504381299,0.6011327358027265,nan,1558249,31800
0.12088504291006505,0.024309679330991835,0.8628906835202987,nan,6.860991788709056,19.908500000019437,0.20218366350446415,nan,1341.7015623067252,0.6472379296753408,nan,1563149,31900
0.1209151133256299,0.02478001263125669,0.8631354318865935,nan,6.51706507824449,19.95850000001949,0.1981197684151787,nan,1342.4207507418355,0.6205141498455372,nan,1568049,32000
0.12176705298679215,0.025371418202828074,0.8586107149694256,nan,7.036467290260934,19.267760000019553,0.2035353306361605,nan,1351.1907509773898,0.5866174811735504,nan,1572949,32100
0.12097033334629874,0.024707764450992858,0.8543000550095107,nan,6.725270526102786,19.057500000019623,0.20317714146205357,nan,1343.8129076899731,0.6433176524416255,nan,1577849,32200
0.12034036583134108,0.0250933306903711,0.8703720283055237,nan,6.537290681731902,19.10750000001969,0.20059326171875017,nan,1344.4842554576921,0.5807372612631301,nan,1582749,32300
0.12152353904077,0.025861906700634537,0.8507401900565796,nan,6.507979804800619,19.15750000001974,0.19859828404017857,nan,1345.1791339927502,0.6580467357943177,nan,1587649,32400
0.12061069978134974,0.024814661459199028,0.8597025434988189,nan,7.5950952370351335,19.207500000019817,0.1936429268973211,nan,1345.9393126531666,0.6029225034570426,nan,1592549,32500
0.1201591791212559,0.024610368950026378,0.8546122714070112,nan,7.3024602982654985,19.257500000019864,0.19569580078125007,nan,1346.663838067246,0.6471262962945924,nan,1597449,32600
0.11986333231840815,0.02360264593203149,0.8459938503962727,nan,8.064317546636127,19.307500000019935,0.21032679966517837,nan,1347.3427052319457,0.634079048073751,nan,1602349,32700
0.1207784399815967,0.024695431398493915,0.862414109235304,nan,6.664704166418248,19.357500000019996,0.19909650530133918,nan,1348.0318530609022,0.6124507202189419,nan,1607249,32800
0.12108528694936203,0.025036055762320753,0.8701319527005942,nan,7.132472441056173,19.40750000002004,0.19616838727678565,nan,1348.721250542341,0.6004484793192483,nan,1612149,32900
0.12083608480436464,0.024905690554795558,0.8471000008730705,nan,7.337089421346242,19.457500000020108,0.19815935407366073,nan,1349.4436287017072,0.6491885004114375,nan,1617049,33000
0.12087802452700476,0.02491919522705886,0.867273624210274,nan,6.180508397049593,19.507500000020183,0.19730224609375,nan,1350.062754651299,0.5735157371647726,nan,1621949,33100
0.12084256936396873,0.025861948107236212,0.8485189186669292,nan,6.923799020047167,19.557500000020237,0.20721121651785712,nan,1350.657539923115,0.614817172332177,nan,1626849,33200
0.12016777623976987,0.024562756920765545,0.8569317201603651,nan,6.942072288426542,19.607500000020295,0.19988664899553565,nan,1351.3503402301005,0.5888895337054151,nan,1631749,33300
0.1216813749713557,0.026016291528940232,0.8551749823920053,nan,7.4163221464195415,19.65750000002035,0.195897739955357,nan,1351.9660678719345,0.5795358487248758,nan,1636649,33400
0.12056614599057604,0.02475749049335716,0.8616663374474907,nan,7.225320382313373,19.70750000002042,0.20519112723214308,nan,1352.6233590965717,0.6148051112510483,nan,1641549,33500
0.12122003129550389,0.026046188359281835,0.8480513584575368,nan,7.102792282709064,19.75750000002048,0.19951625279017857,nan,1353.3288312274287,0.6410764181804138,nan,1646449,33600
0.12064442860228669,0.02558840984212497,0.8588977794140662,nan,6.576140662125886,19.80750000002054,0.19903076171874995,nan,1353.8946056856246,0.6207178221004869,nan,1651349,33700
0.12051656991243352,0.02475040464795061,0.8493108822025823,nan,6.920072625713488,19.857500000020607,0.19491385323660698,nan,1354.474509663012,0.6249700037624668,nan,1656249,33800
0.12118411157812387,0.024323770611413904,0.8540941351440939,nan,6.735268843648464,19.907500000020665,0.20276227678571426,nan,1355.0922948968941,0.5759377535000498,nan,1661149,33900
0.12116223850420545,0.02437690718365566,0.872720141056273,nan,7.598839167458533,19.95750000002072,0.20341134207589298,nan,1355.5989187979162,0.5981344420726629,nan,1666049,34000
0.1215914459952287,0.02577519112399644,0.8453398418912924,nan,7.320048731550629,20.007500000020794,0.20224190848214285,nan,1356.2615912085957,0.6227220888836231,nan,1670949,34100
0.12110049092343876,0.024771060664206757,0.861233890765008,nan,7.712090098371128,20.05750000002085,0.20288173130580375,nan,1356.8917747724831,0.6013938499492472,nan,1675849,34200
0.12167457944580481,0.024358196231935705,0.8477732976317375,nan,7.281652933091248,20.107500000020902,0.19552995954241095,nan,1357.4706616103792,0.6154284111926552,nan,1680749,34300
0.12110370695590976,0.025521933212876304,0.8506418971709307,nan,7.069742966104755,19.757100000020966,0.19823939732142865,nan,1366.245752381564,0.6142275092478351,nan,1685649,34400
0.12027441642114105,0.025192398484796295,0.8582528172039663,nan,7.780678052830409,19.20650000002103,0.19987566266741078,nan,1358.6844344664014,0.6208281290967823,nan,1690549,34500
0.12021902742130419,0.025252566893718093,0.8386864354113789,nan,6.802187908524831,19.25650000002109,0.19370343889508926,nan,1359.289078181074,0.57348782033297,nan,1695449,34600
0.12079930656722614,0.02445028601347335,0.8442807291460389,nan,7.118439529615414,19.306500000021146,0.1972127859933034,nan,1359.8012320309224,0.6558446755042311,nan,1700349,34700
0.12039141763533867,0.024984918521451075,0.837657086445637,nan,6.660941986391283,19.356500000021207,0.19898123604910742,nan,1360.3673154148175,0.597503260029438,nan,1705249,34800
0.1207139527159077,0.02496521694984821,0.8423183890709103,nan,7.359445418804628,19.406500000021275,0.1992557198660716,nan,1360.9513327135942,0.6159515948814804,nan,1710149,34900
0.1210184857887882,0.025048758754772808,0.8508518776232594,nan,6.951958845657328,19.456500000021343,0.19685913085937512,nan,1361.6138787532022,0.6130280458708935,nan,1715049,35000
0.12144724796925284,0.02489601415182864,0.8469760000859903,nan,6.492135633408915,19.506500000021404,0.1962662179129465,nan,1362.3467918217773,0.6372683243014886,nan,1719949,35100
0.1202791792580059,0.024041224461314938,0.8633701272426197,nan,7.272824809745944,19.556500000021455,0.200321742466518,nan,1362.9473108152781,0.632876306980173,nan,1724849,35200
0.11954611467463626,0.02442190711785641,0.8498279044828111,nan,6.937092614232784,19.606500000021516,0.19634347098214283,nan,1363.4651773444687,0.6148133289189711,nan,1729749,35300
0.12066522943122043,0.02503738797269764,0.8539437842676971,nan,6.855745716670975,19.656500000021584,0.18999215262276795,nan,1363.9951186005944,0.5872511295545229,nan,1734649,35400
0.1200982049533299,0.024827269161386122,0.8563510154663114,nan,7.056746564511186,19.706500000021638,0.20135899135044633,nan,1364.5525637093015,0.5998794388199168,nan,1739549,35500
0.12064089349337982,0.024437178938782642,0.8450762158296904,nan,6.738057054107141,19.756500000021706,0.1993230329241071,nan,1365.1689134196358,0.6768962850014848,nan,1744449,35600
0.12096607229539325,0.02492768064673457,0.8519152736344647,nan,6.4657544097246555,19.806500000021774,0.2020315987723214,nan,1365.7850541913292,0.5997785817831514,nan,1749349,35700
0.1215146701037883,0.025343642335917283,0.8450000799442611,nan,8.139627262997113,19.856500000021818,0.1978376116071429,nan,1366.4947132340967,0.6335696358932592,nan,1754249,35800
0.12064315429755618,0.024793416744630245,0.833837375609185,nan,6.902507069111438,19.90650000002188,0.20010114397321438,nan,1367.2632657015338,0.6346661850140612,nan,1759149,35900
0.12141018944127212,0.025257533803316124,0.858884146542712,nan,7.5177831996160736,19.95650000002194,0.2013769531249999,nan,1368.0093663353234,0.6000224362044737,nan,1764049,36000
0.11964635968208318,0.02553809176066091,0.8548955078633435,nan,6.836521062671736,20.006500000022,0.20078142438616087,nan,1368.774362305051,0.6373806182720417,nan,1768949,36100
0.12186444652932034,0.02476691133608773,0.8423609406993697,nan,7.234716531573088,19.315760000022077,0.20020002092633918,nan,1378.053304853699,0.5798945391411626,nan,1773849,36200
0.11988745661718495,0.024956362524202906,0.8457438652620474,nan,6.869840457951773,19.10550000002213,0.19533063616071417,nan,1370.7620553614302,0.5957191196672964,nan,1778749,36300
0.12050249304090226,0.024606971722096214,0.8262696649317679,nan,6.412806299453444,19.155500000022204,0.2030315290178569,nan,1371.4870265891557,0.5791082746192031,nan,1783649,36400
0.11999624878168112,0.02469383461001729,0.8391984447403184,nan,7.410428327516321,19.205500000022273,0.20158517020089267,nan,1372.2303815379032,0.6418550475389095,nan,1788549,36500
0.11958003931811871,0.024595546540138964,0.8454066176536725,nan,7.138503641235549,19.255500000022302,0.19609008789062504,nan,1373.0167740942254,0.6198942760268263,nan,1793449,36600
0.12041873088904799,0.02548105954458671,0.8351364812494452,nan,6.890078792140392,19.305500000022377,0.19591814313616088,nan,1373.7246894534703,0.5980644047680282,nan,1798349,36700
0.12151130716715539,0.025885366802769042,0.8358904430507755,nan,7.081682975991289,19.355500000022438,0.1942368861607141,nan,1374.4580099463917,0.6356560725018217,nan,1803249,36800
0.12003945069653632,0.02450485679454037,0.8417108980329701,nan,7.2103461953178,19.4055000000225,0.19198434012276785,nan,1375.1167476575918,0.5791898685789995,nan,1808149,36900
0.12070901872856278,0.02482391586660274,0.8443707033462227,nan,7.674165265334096,19.45550000002255,0.19535818917410733,nan,1375.6457562745063,0.6215772159178273,nan,1813049,37000
0.12040089751992902,0.025914252847433088,0.86094428972519,nan,7.872555359958193,19.505500000022625,0.20286080496651815,nan,1376.2934827757806,0.6140364582157161,nan,1817949,37100
0.12098852523735588,0.025408969556114488,0.8396396760644602,nan,7.947659820049386,19.555500000022683,0.20860002790178572,nan,1377.0214657214267,0.5882617935661612,nan,1822849,37200
0.12073034401450838,0.024380527926342856,0.8411059079176888,nan,7.031639097355527,19.605500000022737,0.1951456124441963,nan,1377.6010742970727,0.6166208712562156,nan,1827749,37300
0.12060128590890339,0.024921691901981857,0.8493597994211692,nan,7.668909150010685,19.655500000022794,0.19793823242187505,nan,1378.2144398898745,0.6351997730067429,nan,1832649,37400
0.11996898961918699,0.024792418030223674,0.8409098090255747,nan,7.101018143655699,19.70550000002287,0.1978172084263392,nan,1378.7927592339424,0.6012832985769225,nan,1837549,37500
0.12033219369394439,0.025537081344851432,0.8319834939892335,nan,6.839342774560471,19.755500000022916,0.19340698242187493,nan,1379.3830132820635,0.617907433529209,nan,1842449,37600
0.12101088504706102,0.025346893308950336,0.8400694926902982,nan,6.9760343580751725,19.805500000022995,0.2008869280133928,nan,1379.9412144433809,0.6781790992972514,nan,1847349,37700
0.1208155685876097,0.025123006392802502,0.856518414817715,nan,7.031958397474472,19.855500000023056,0.19749947684151786,nan,1380.5465840672514,0.6108369247358835,nan,1852249,37800
0.12083345623953,0.025164342381592323,0.8417662083969492,nan,7.803575335800878,19.905500000023107,0.20197056361607144,nan,1381.128116646403,0.648573271678085,nan,1857149,37900
0.12154013105801177,0.02501838804754829,0.8344676035349523,nan,6.402671060103066,19.955500000023175,0.19398611886160716,nan,1381.7027006875333,0.6140172506144912,nan,1862049,38000
0.12009664162993428,0.024721834614340743,0.8347159738634214,nan,7.466381010960254,20.00550000002323,0.19333775111607127,nan,1382.300196502416,0.6437488235910139,nan,1866949,38100
0.12068411873919624,0.02405967282397408,0.8430653541429084,nan,7.638066131698173,20.055500000023294,0.1970328194754463,nan,1383.0337837954762,0.6088851042458507,nan,1871849,38200
0.12079585479838503,0.024525661143873407,0.8349471567775535,nan,7.683398487810736,20.105500000023355,0.19429129464285716,nan,1383.7209224170872,0.6292940910437883,nan,1876749,38300
0.12033828252128198,0.02555567951739898,0.8405383416028888,nan,6.854501867283566,20.155500000023416,0.19377319335937498,nan,1384.3253574379776,0.6147017914137303,nan,1881649,38400
0.12045207391892153,0.02495126625789063,0.8464841944933605,nan,6.956973998861242,20.205500000023477,0.19527204241071455,nan,1384.8930887871725,0.6061661422927151,nan,1886549,38500
0.11945142286164423,0.02484612020397826,0.8353676414942826,nan,7.023865918777521,19.99524000002353,0.20130876813616047,nan,1393.8210108516164,0.5703037724443427,nan,1891449,38600
0.12074495045202113,0.024887910051537402,0.8328234884546967,nan,6.976643475725371,19.30450000002359,0.1996590750558038,nan,1386.0373588671694,0.6109890555586445,nan,1896349,38700
0.12008631872279314,0.024473833689200006,0.8468225792900914,nan,7.233000648966828,19.354500000023663,0.19740530831473208,nan,1386.7428986457348,0.6428651326303575,nan,1901249,38800
0.12050507677452907,0.02480447363108398,0.8509325627813401,nan,7.965624702688197,19.404500000023727,0.20932477678571418,nan,1387.408988616651,0.620319629447528,nan,1906149,38900
0.12097528112786154,0.024662640592349433,0.8406903563840905,nan,7.033620997778252,19.45450000002377,0.19520298549107143,nan,1388.111095209045,0.65659159489303,nan,1911049,39000
0.12003092655113755,0.02492071810311504,0.8180703218327727,nan,6.914425945131,19.50450000002383,0.1907524762834821,nan,1388.703858068069,0.6145394508203017,nan,1915949,39100
0.120904208528144,0.024955334924161455,0.8282010001105586,nan,7.412580916711754,19.554500000023893,0.19095790318080344,nan,1389.3778138475948,0.6319756070446044,nan,1920849,39200
0.11988484212330405,0.02489065480285456,0.855977118355653,nan,6.746504102370835,19.604500000023965,0.1912168666294645,nan,1390.0419023430766,0.6120837640796739,nan,1925749,39300
0.12000551153506553,0.024788007541958795,0.8251792610451862,nan,7.1512107339132225,19.654500000024026,0.1965070452008931,nan,1390.5333790402008,0.5951471925285691,nan,1930649,39400
0.11987651390688754,0.024985420046640266,0.8345852484411289,nan,6.895834706175089,19.704500000024087,0.2085393415178573,nan,1391.321650396225,0.6346863566305216,nan,1935549,39500
0.12019971440945355,0.02505940177344847,0.8406166162240344,nan,7.036709079480475,19.75450000002414,0.19322771344866085,nan,1391.9806999348832,0.5817256154942206,nan,1940449,39600
0.12135044966425204,0.02536553038018091,0.8356980375069616,nan,6.453839061035728,19.804500000024195,0.19462559291294626,nan,1392.5641707712452,0.6038997830566031,nan,1945349,39700
0.12010477402380533,0.025369496893669907,0.8398071474512754,nan,8.355714311440575,19.854500000024274,0.1956642368861606,nan,1393.2107412599482,0.5950014834319778,nan,1950249,39800
0.12092748874000148,0.025012599852468308,0.8363816236651155,nan,7.222616916696364,19.904500000024317,0.19327200753348223,nan,1394.004756670483,0.6346345568148887,nan,1955149,39900
0.12036603872265136,0.024833516042147362,0.84168565656784,nan,6.688088821301124,19.954500000024385,0.19349225725446423,nan,1394.6703994150464,0.5908550521515745,nan,1960049,40000
0.12059518094573701,0.02421491308137776,0.8371722180099285,nan,7.553323597707131,20.00450000002446,0.19380022321428586,nan,1395.3462243656843,0.5961062810099764,nan,1964949,40100
0.11978877010090018,0.024654459245502972,0.8231792610767467,nan,6.687650721306881,20.054500000024504,0.19563773018973202,nan,1395.8767839036518,0.6440134052666995,nan,1969849,40200
0.12049020275473599,0.024621001450078835,0.8202864891381083,nan,6.6174411939540105,19.143540000024572,0.18843540736607162,nan,1404.8513798464305,0.5943589424113398,nan,1974749,40300
0.12064879087465147,0.024894386036321513,0.8199333010178705,nan,7.091459049500222,19.153500000024643,0.19419730050223222,nan,1397.0148018531222,0.6154398469282013,nan,1979649,40400
0.12048120213406435,0.02492801156028036,0.8319183079980574,nan,7.639446628347853,19.203500000024693,0.190672607421875,nan,1397.5869495852353,0.6765494216960722,nan,1984549,40500
0.11996758739863128,0.024410323334325634,0.8299971913876435,nan,6.936247676527673,19.253500000024754,0.1998453194754466,nan,1398.313350195221,0.6243019160891579,nan,1989449,40600
0.11997159608772819,0.024189685210585565,0.8299343725066345,nan,7.249634155881044,19.303500000024822,0.19261195591517868,nan,1398.9118571699473,0.5985219719150863,nan,1994349,40700
0.12062295381511956,0.024618217176092527,0.8309553400877246,nan,7.101534938278609,19.35350000002487,0.1918017578125,nan,1399.4728018889496,0.5937199830235071,nan,1999249,40800
0.11916687488555902,0.025172258200390006,0.8409366557570132,nan,7.477235100220914,19.403500000024938,0.1979411969866071,nan,1400.171506938133,0.6697224217424668,nan,2004149,40900
0.12096132716962271,0.024902187362313286,0.8467722881677904,nan,7.501264968669093,19.45350000002499,0.19437360491071412,nan,1400.9050887175204,0.5763577383417153,nan,2009049,41000
0.12029279659901339,0.025308927636859678,0.828146365477271,nan,7.36123907656442,19.50350000002505,0.19489275251116084,nan,1401.4996700946963,0.5698264184727109,nan,2013949,41100
0.11949122792908128,0.024578577705792005,0.8310524233800449,nan,6.709891161933445,19.553500000025117,0.19698957170758913,nan,1402.1778546072057,0.6314545029845307,nan,2018849,41200
0.12045937931963376,0.02528788344136306,0.824701814809099,nan,7.41951218195579,19.603500000025182,0.20432059151785703,nan,1402.8129634235927,0.609160946927286,nan,2023749,41300
0.12018316445606095,0.025561202040740427,0.8400708396820752,nan,8.09892894416852,19.653500000025225,0.1961066545758931,nan,1403.5803502569584,0.632007546685006,nan,2028649,41400
0.11981081285646993,0.024464892565405797,0.8304372255216317,nan,7.982384880961593,19.7035000000253,0.19911603655133944,nan,1404.3900664883176,0.6434074775405078,nan,2033549,41500
0.12149112456611229,0.02516167594652091,0.8283974511781523,nan,7.577360669963514,19.75350000002536,0.19081124441964295,nan,1404.9488599637632,0.5980789347833351,nan,2038449,41600
0.1201650297216006,0.02569092435496194,0.8278497893469678,nan,6.6384977059850065,19.803500000025423,0.18401715959821424,nan,1405.4971011198065,0.6088553615054855,nan,2043349,41700
0.11908406849418368,0.023965110520699183,0.821986301088997,nan,7.852611865155587,19.853500000025484,0.19220528738839285,nan,1406.0332337007096,0.5978510485059995,nan,2048249,41800
0.12030151922787936,0.02460685931811375,0.8365797154502861,nan,8.594677637490696,19.90350000002554,0.20001604352678584,nan,1406.7677609726568,0.6279031958743664,nan,2053149,41900
0.12033437081745689,0.025341227946004678,0.8198627062173288,nan,7.253983454621832,19.953500000025603,0.20237810407366072,nan,1407.4070284567822,0.5785873828135044,nan,2058049,42000
0.11944362776620038,0.024765217819118064,0.8279608374844777,nan,7.74099052781497,20.003500000025664,0.18929216657366071,nan,1408.0995859203647,0.6651787057430247,nan,2062949,42100
0.11964315588985175,0.024675807841122135,0.8446225258287924,nan,6.170083621394064,19.633080000025736,0.19288330078124988,nan,1417.2525436920646,0.6086239550020225,nan,2067849,42200
0.11931023946830202,0.023737271204590828,0.8238792812214414,nan,6.6959802369137895,19.102500000025795,0.1974093191964285,nan,1409.3891084675136,0.593299483437523,nan,2072749,42300
0.12116792306303972,0.024759775345612838,0.832179094937949,nan,6.874305431460078,19.152500000025842,0.19958548409598192,nan,1409.9544438128655,0.594236119725286,nan,2077649,42400
0.12119611080203735,0.024762718326279052,0.8117350557916013,nan,6.864536905038704,19.20250000002591,0.20029453822544668,nan,1410.5799069526524,0.5943990733364519,nan,2082549,42500
0.11980066989149372,0.024088457439626978,0.8166296239972758,nan,8.33246965679486,19.25250000002598,0.204603097098214,nan,1411.1836858711047,0.6293699842628491,nan,2087449,42600
0.12038107071604044,0.02593767521636827,0.836742983432053,nan,7.804983394482261,19.302500000026036,0.1961408342633926,nan,1411.7732326039027,0.6391774556833003,nan,2092349,42700
0.11983600599425169,0.02395643046125773,0.8013982897078795,nan,7.460939295836415,19.3525000000261,0.18737967354910742,nan,1412.345762117789,0.6349230435658999,nan,2097249,42800
0.11980572506785395,0.024986583873895647,0.819780556903632,nan,7.8065050083797445,19.40250000002615,0.1906230817522323,nan,1413.0425956431486,0.6335731432537647,nan,2102149,42900
0.11845316757048871,0.024189402462382412,0.8209615526284977,nan,7.352973111620218,19.452500000026212,0.19496547154017865,nan,1413.751978901627,0.6316181316926982,nan,2107049,43000
0.11935735006417537,0.02410446134528942,0.8333769620924976,nan,7.33594865915172,19.50250000002628,0.19381260463169644,nan,1414.281338191846,0.59249555762246,nan,2111949,43100
0.11977906210081914,0.02481417283016656,0.8239187778143918,nan,7.698434532589243,19.552500000026345,0.20245710100446443,nan,1414.8149014915655,0.6333542491428154,nan,2116849,43200
0.11968164550406593,0.02524530741253072,0.8358862939195749,nan,7.687729275129314,19.602500000026406,0.191735142299107,nan,1415.567553717136,0.6129967396717362,nan,2121749,43300
0.12027911988752227,0.024511538367452377,0.8198155299581676,nan,6.6117322520157495,19.652500000026457,0.19347726004464277,nan,1416.1202631268193,0.6329091782417735,nan,2126649,43400
0.12015683050666538,0.025339932698490365,0.8216195991564533,nan,7.101908715827624,19.702500000026532,0.19343331473214306,nan,1416.700683568458,0.5649276796227988,nan,2131549,43500
0.12047627302152769,0.025821880912408283,0.83999372659149,nan,6.889572427620743,19.75250000002659,0.19257428850446434,nan,1417.219346235096,0.5645652756127493,nan,2136449,43600
0.12083290193762095,0.024262642050161938,0.8201710127915779,nan,7.497197809511426,19.802500000026637,0.20386369977678573,nan,1417.7650045915454,0.6259127569538079,nan,2141349,43700
0.11985331637518745,0.02466742531928632,0.841970031037974,nan,8.024727947823218,19.852500000026705,0.19880876813616094,nan,1418.3033762386758,0.6538845266079549,nan,2146249,43800
0.12050411039165086,0.02473030305068406,0.8340450503493617,nan,7.373832608791704,19.902500000026766,0.19850149972098233,nan,1418.936431287687,0.5883846530444719,nan,2151149,43900
0.11952846784676814,0.024277278275362097,0.8234049778919007,nan,7.409275727155479,19.07162000002684,0.19853899274553563,nan,1428.2173629046179,0.6091459609154809,nan,2156049,44000
0.11964078598788806,0.024822108535362167,0.8230790944166292,nan,7.888548804764564,19.00150000002689,0.19079990931919646,nan,1420.2643537209774,0.6524694104211168,nan,2160949,44100
0.11921571239829064,0.025013629359060128,0.816347777424154,nan,6.720916327299078,19.051500000026948,0.19022949218749993,nan,1420.8206104898707,0.6155244767089083,nan,2165849,44200
0.11929201947791242,0.024015397586460638,0.8123147030614453,nan,8.179711161155314,19.101500000027023,0.19804652622767852,nan,1421.5629451154662,0.5976340727250135,nan,2170749,44300
0.12016295232943121,0.024829337442559843,0.821252674512544,nan,7.63515745953931,19.15150000002706,0.19314697265624992,nan,1422.1204194594932,0.6008015873614971,nan,2175649,44400
0.12029418000153137,0.024440140625728034,0.8259521828422395,nan,7.876434710833874,19.201500000027135,0.19768171037946408,nan,1422.5862526638239,0.6187201741439535,nan,2180549,44500
0.11953529417514794,0.025263799048428008,0.8006740535619506,nan,7.390694357897235,19.25150000002721,0.18736467633928564,nan,1423.4546614115336,0.6583487476001236,nan,2185449,44600
0.11977629729679658,0.02498730474417764,0.8156286528903525,nan,7.322566632072571,19.301500000027264,0.19371180943080354,nan,1424.1341098075923,0.5989581570962516,nan,2190349,44700
0.11984478714210657,0.025284318417044642,0.815687174065502,nan,7.661850926386438,19.351500000027315,0.1916585867745535,nan,1424.7450838930001,0.6272882766238813,nan,2195249,44800
0.12057911238500058,0.02514911176902906,0.818534656111214,nan,7.365163828602226,19.40150000002737,0.19119594029017853,nan,1425.2540944375182,0.6194045792426333,nan,2200149,44900
0.11980733441455019,0.02455363107579094,0.8118978059724912,nan,7.902011006955455,19.45150000002744,0.18990147181919642,nan,1425.9883737482212,0.6221154672784474,nan,2205049,45000
0.1200840435283524,0.024852194333715088,0.8246258433870188,nan,6.841535118014609,19.50150000002751,0.1953182547433036,nan,1426.716647889377,0.5981577592045734,nan,2209949,45100
0.12002013587525913,0.02476969564466604,0.8217991606787781,nan,6.9615206482085,19.55150000002756,0.18711704799107162,nan,1427.3896884400417,0.6676583167619073,nan,2214849,45200
0.1188510760239192,0.02450788859277964,0.817754573782972,nan,7.889086265552177,19.601500000027617,0.19064714704241062,nan,1428.2242491431323,0.6032476065798762,nan,2219749,45300
0.11990366343941006,0.02380490963746395,0.8203592300857944,nan,7.548988365777138,19.65150000002769,0.1952181570870537,nan,1429.102435069968,0.5916080236758816,nan,2224649,45400
0.1194343198410102,0.0248942523023912,0.829921809965313,nan,7.846478971324576,19.701500000027735,0.19554861886160718,nan,1429.8329370311678,0.6124011937150396,nan,2229549,45500
0.1199968989406313,0.024731093001152823,0.8127003691319482,nan,7.469471400590917,19.751500000027804,0.19537161690848182,nan,1430.5003300575527,0.6088634062499932,nan,2234449,45600
0.11903294910277643,0.025007121634802634,0.8064893313355121,nan,7.93257484290349,19.80150000002787,0.19199550083705366,nan,1431.164793882221,0.6189592399294214,nan,2239349,45700
0.12080738570008957,0.02486009315986719,0.8172348697436251,nan,7.620774127318878,19.85150000002793,0.19123988560267854,nan,1431.6250955592723,0.596730180225867,nan,2244249,45800
0.120234333808933,0.023989708486146153,0.8217779527513994,nan,6.7103320452963455,19.90150000002798,0.19215244838169632,nan,1432.3339440387006,0.6070692528450828,nan,2249149,45900
0.11966721451708255,0.025007941398237428,0.8079842132478906,nan,7.868903716703213,19.370920000028047,0.1917013113839286,nan,1441.5344738844137,0.6203619334356627,nan,2254049,46000
0.1190660360668387,0.023466738608798752,0.8115219625618826,nan,7.69135691222041,19.000500000028115,0.19459385463169668,nan,1433.5568963729293,0.6528870946212758,nan,2258949,46100
0.11839859472853799,0.02395142985108707,0.8130148632585555,nan,7.692776387766428,19.050500000028162,0.19057547433035718,nan,1434.2342328733516,0.6764022497059853,nan,2263849,46200
0.12014471745916769,0.02606231871859305,0.8159074015465809,nan,7.590726129325782,19.100500000028223,0.19845458984375028,nan,1435.0135448223816,0.5717483226587619,nan,2268749,46300
0.1200747112078325,0.024414227698663502,0.8084855329519361,nan,7.2003116708875154,19.15050000002828,0.19585623604910743,nan,1435.7919721465996,0.6340849675175279,nan,2273649,46400
0.12036998080355786,0.02495558118181568,0.8220803559721743,nan,7.4119078635459426,19.20050000002835,0.19356323242187484,nan,1436.4280216904567,0.600592942621291,nan,2278549,46500
0.12009776896664075,0.024551845812903997,0.8164830515296086,nan,7.351129666399295,19.250500000028403,0.19560982840401783,nan,1436.9374479603111,0.5527246041060163,nan,2283449,46600
0.11990131814564972,0.024646061559074686,0.783558435012832,nan,8.20471822455191,19.30050000002848,0.19584891183035727,nan,1437.502882633367,0.6497305725799902,nan,2288349,46700
0.11905605345964432,0.02456828036744681,0.8242339943843604,nan,7.654830153011042,19.350500000028532,0.195970458984375,nan,1438.051327591707,0.6229418050864355,nan,2293249,46800
0.12026449407849991,0.02443505275196266,0.8208669524288204,nan,7.410858704636895,19.400500000028593,0.19469552176339283,nan,1438.6152218358104,0.5913132988021575,nan,2298149,46900
0.1195148709203516,0.024895661467952388,0.8261248000742681,nan,7.488611253022987,19.450500000028654,0.19565935407366064,nan,1439.3405161151918,0.6348716084360102,nan,2303049,47000
0.1204584128303187,0.025043709486989026,0.8233253869450973,nan,7.598658780933467,19.500500000028715,0.19117815290178566,nan,1440.050896447023,0.5824329413993676,nan,2307949,47100
0.12000771669404849,0.02524830029745187,0.8116981348589605,nan,6.665072671822601,19.550500000028777,0.19053571428571436,nan,1440.7905287374806,0.6117320802514686,nan,2312849,47200
0.11998856604099274,0.025068577376327367,0.794976843365918,nan,7.596521740773588,19.60050000002884,0.1937813895089288,nan,1441.5737157752121,0.6266845928861559,nan,2317749,47300
0.11946985742875517,0.02442881916117456,0.8381587744733683,nan,7.675285383044849,19.650500000028906,0.191925048828125,nan,1442.4334715126727,0.6521951716908967,nan,2322649,47400
0.11957817586404945,0.0240149557005082,0.8167034785389844,nan,7.406792137729664,19.700500000028963,0.20187308175223218,nan,1443.1646277947973,0.6361845755833362,nan,2327549,47500
0.11847690026674956,0.02463003801181914,0.8131254571235339,nan,7.4255339779612095,19.750500000029025,0.20142787388392847,nan,1443.8710723048007,0.6248302481017328,nan,2332449,47600
0.1200319233962468,0.024634275922019572,0.8076780966027746,nan,7.128659526977775,18.979680000029084,0.20158377511160702,nan,1453.3237925860974,0.6031495047466781,nan,2337349,47700
0.11949835911393161,0.02530789236405064,0.8004448879544508,nan,7.728475717463972,18.849500000029142,0.19059762137276798,nan,1445.2026404278704,0.6289488857806443,nan,2342249,47800
0.11871692778808732,0.02435650336023952,0.7949426245689742,nan,6.69728515494654,18.899500000029214,0.1873549107142856,nan,1445.8329233834847,0.6078818994172867,nan,2347149,47900
0.12004229981984402,0.025382273013570458,0.81023796170315,nan,7.107900983827683,18.949500000029257,0.19987897600446408,nan,1446.3593357584823,0.5730426178465791,nan,2352049,48000
0.12024955760155413,0.024527004655184485,0.8078743373137445,nan,7.385476622176973,18.999500000029325,0.19198416573660712,nan,1446.7810610623835,0.6106882497000162,nan,2356949,48100
0.1191968709230423,0.024741312732387874,0.8165739766106488,nan,8.610864785744903,19.04950000002939,0.19254778180803592,nan,1447.418048070893,0.6319485572478984,nan,2361849,48200
0.11905348650046753,0.02463387988507747,0.8103940567238568,nan,7.090436652721219,19.099500000029458,0.19035818917410707,nan,1448.1633914249019,0.6511059433774948,nan,2366749,48300
0.11839331171342315,0.024602347255817458,0.792814774244711,nan,7.66249020915311,19.14950000002952,0.18650547572544646,nan,1448.8282773458943,0.5936963482396672,nan,2371649,48400
0.11835688610162054,0.024602297110749148,0.8151757708023788,nan,6.615235987071881,19.199500000029577,0.18937953404017868,nan,1449.5523696611087,0.6012560345455019,nan,2376549,48500
0.12007315022604807,0.02484027826094203,0.8147181556285881,nan,7.904879836539358,19.249500000029638,0.19153756277901807,nan,1450.1164539701329,0.6541314625973556,nan,2381449,48600
0.11907198118312023,0.024945764600166242,0.7920761287133982,nan,8.036200909033962,19.299500000029703,0.19239397321428575,nan,1450.9334736902729,0.5944437222006711,nan,2386349,48700
0.120583167821169,0.025135126785774318,0.8219771139957259,nan,8.54018392203621,19.349500000029774,0.19777239118303552,nan,1451.7888549615272,0.5723893769147409,nan,2391249,48800
0.11996496268681123,0.02482574396633678,0.8098028954172939,nan,7.617761343765539,19.39950000002983,0.189161900111607,nan,1452.4663902355771,0.6707949406212104,nan,2396149,48900
0.12036019031490613,0.024553552905895868,0.8100672156599007,nan,7.500370410677172,19.449500000029897,0.1879521833147322,nan,1453.0788074153297,0.595855959217941,nan,2401049,49000
0.11931987513388895,0.025026471802432608,0.8023167555761708,nan,6.691073878208723,19.499500000029943,0.18822387695312504,nan,1453.7465431917076,0.6403797607822755,nan,2405949,49100
0.11868391481893402,0.02523093195099913,0.8061050625233106,nan,7.222263867645675,19.54950000003,0.18679408482142862,nan,1454.4228751599605,0.5900633635387599,nan,2410849,49200
0.12016444040196286,0.0245529577575092,0.8192120321183514,nan,8.220093450291794,19.59950000003007,0.19026872907366077,nan,1454.9990131097009,0.6352453565634533,nan,2415749,49300
0.11968539338026725,0.02436016927872388,0.814083069016217,nan,7.799675053425721,19.64950000003012,0.20114379882812478,nan,1455.6101350982942,0.6265727782023077,nan,2420649,49400
0.11943700973476683,0.024052532699757392,0.810034274692745,nan,7.220014634764682,19.69950000003018,0.18834420340401775,nan,1456.2297417834286,0.6184220853311825,nan,2425549,49500
0.12043331127081588,0.025226677511153463,0.8108795418236389,nan,7.579172068766604,19.749500000030242,0.18998761858258945,nan,1456.752778884389,0.5982835925654745,nan,2430449,49600
0.11977941970740054,0.024321854626759898,0.8180984321324981,nan,7.544390203609946,19.799500000030296,0.19468157087053592,nan,1457.3505240062418,0.615350481118939,nan,2435349,49700
0.11928831745471272,0.024211960150195024,0.8102646531517216,nan,6.989458846104376,19.84950000003038,0.1867410714285716,nan,1457.913182934924,0.6283823144342693,nan,2440249,49800
0.11997939122574684,0.025074502153854265,0.798656732852209,nan,7.196145928824679,19.899500000030443,0.18748256138392866,nan,1458.5041771405477,0.5733507782970068,nan,2445149,49900
0.11927785515785227,0.02478864770914822,0.8080149045479701,nan,7.804509813389911,19.94950000003049,0.194588623046875,nan,1459.079355292635,0.6159301388376796,nan,2450049,50000
0.11872936333928782,0.02422706739178724,0.8310294436177051,nan,7.968143540260871,19.99950000003056,0.1905355398995535,nan,1459.6452154993574,0.6650057822802609,nan,2454949,50100
0.1191373731621674,0.024463245303237038,0.8004738558191974,nan,7.273858296697433,20.049500000030623,0.18176531110491068,nan,1460.1427129755643,0.6295808974308792,nan,2459849,50200
0.11859821619732043,0.02422359797039205,0.8035575829011621,nan,6.878345380283604,20.099500000030677,0.18982840401785733,nan,1460.6188295548927,0.5934709988529453,nan,2464749,50300
0.12082739093473979,0.0251711017438876,0.8038648706859822,nan,7.9100732728040635,20.14950000003074,0.19748604910714307,nan,1461.337801251552,0.6123714542532318,nan,2469649,50400
0.11973476005452033,0.02429501938766669,0.8058578752651057,nan,7.526618856822316,19.979280000030798,0.19432774135044642,nan,1470.8283420721375,0.6054988099867583,nan,2474549,50500
0.11823327324220118,0.02510225636618478,0.796592557442107,nan,7.1454291887276575,19.24850000003085,0.18722394670758954,nan,1462.6976431042278,0.6030178090770222,nan,2479449,50600
0.11969964702214504,0.025012332669326228,0.8225001390741785,nan,7.767689744862088,19.298500000030916,0.19033900669642861,nan,1463.1909345451581,0.6524870410595485,nan,2484349,50700
0.11969104434762691,0.024768213387578703,0.8038456341304226,nan,7.5952449449043895,19.34850000003097,0.19186854771205344,nan,1463.8888615212174,0.5882208676148744,nan,2489249,50800
0.11891317420772148,0.024857532270252714,0.8065313988363692,nan,8.138676550717015,19.39850000003106,0.18822753906249992,nan,1464.5325971746245,0.626326619791216,nan,2494149,50900
0.12022399344614579,0.024285479291741352,0.815652260156457,nan,7.437929111476115,19.448500000031093,0.19158290318080345,nan,1465.2472403094635,0.6416724754166051,nan,2499049,51000
0.1190744434509958,0.024995429765965232,0.7984212395922411,nan,6.995636461951931,19.498500000031157,0.1884296526227679,nan,1465.8246847563864,0.5855405007999227,nan,2503949,51100
0.12003470512373102,0.025281000116041733,0.8059901772213646,nan,6.9705024461618725,19.548500000031225,0.18906982421874996,nan,1466.2588878859708,0.6040091053845378,nan,2508849,51200
0.11967200142996644,0.02502579541211682,0.8089347680367853,nan,7.854831485935487,19.598500000031294,0.1903485979352679,nan,1466.9692031349953,0.5979888063417776,nan,2513749,51300
0.11910284040229664,0.02412542184548717,0.8027200532319926,nan,7.41234740960645,19.648500000031348,0.19619750976562478,nan,1467.730125126075,0.587345493147712,nan,2518649,51400
0.11950802260211536,0.024582912618560444,0.8075410847558984,nan,7.741457588050472,19.69850000003142,0.19809029715401802,nan,1468.3778970248432,0.5977780510691192,nan,2523549,51500
0.11831404158047268,0.024935819424156666,0.7904443913064575,nan,7.465918757385849,19.74850000003148,0.1835852050781247,nan,1468.9496162018388,0.6385023936084913,nan,2528449,51600
0.11867701739072802,0.02386424165751251,0.7853526245827073,nan,7.351208047479474,19.798500000031527,0.19151977539062495,nan,1469.5707809368985,0.5923520581939987,nan,2533349,51700
0.1191095639552389,0.02385283969342709,0.8014352074472378,nan,7.997093165197797,19.007660000031578,0.19760341099330378,nan,1479.107960194346,0.6423339052905686,nan,2538249,51800
0.11989172905683516,0.024089377945555098,0.8026875378673883,nan,8.494368079644765,18.89750000003165,0.20010131835937492,nan,1470.8279910574308,0.6082103345032929,nan,2543149,51900
0.11764703148177692,0.02426945868081277,0.8079347858501734,nan,7.687705939512556,18.94750000003171,0.1822703334263392,nan,1471.4015431314472,0.6110588690043153,nan,2548049,52000
0.11904596728937966,0.02497265249091599,0.8157922900267064,nan,7.584808838201652,18.99750000003178,0.1913178362165176,nan,1471.902210135887,0.6505453946741392,nan,2552949,52100
0.12003909313253004,0.0246795350100313,0.7943988392550709,nan,7.9603182885053725,19.047500000031818,0.19312395368303595,nan,1472.5551054543032,0.6057374517234806,nan,2557849,52200
0.11827508785894933,0.02346239292062821,0.7997184969692372,nan,7.612380291150671,19.097500000031886,0.19101597377232138,nan,1473.1242045377899,0.617648850113183,nan,2562749,52300
0.11918821475335527,0.02461726472846099,0.7993281278314283,nan,7.473471563832001,19.14750000003196,0.18639700753348207,nan,1473.7835952177077,0.6437584115294686,nan,2567649,52400
0.11900629916361402,0.02376259462242681,0.8015524729979703,nan,8.183805067402126,19.197500000032015,0.19224121093750005,nan,1474.5898568466953,0.6216690215845498,nan,2572549,52500
0.11910769739321296,0.02420387726543206,0.786451853923421,nan,8.09342170711205,19.247500000032076,0.18819370814732175,nan,1475.1452433482073,0.6140462433766105,nan,2577449,52600
0.12001241092170983,0.02545295127534442,0.8157115892406694,nan,8.228071288791844,19.29750000003215,0.19423287527901797,nan,1475.6329765851458,0.6255164915309114,nan,2582349,52700
0.11969683534332684,0.025766541223440822,0.8126206371072956,nan,7.28222990972778,19.347500000032202,0.19466482979910701,nan,1476.248647491295,0.60375535636791,nan,2587249,52800
0.11999299421906469,0.024524411670863607,0.8010639049742759,nan,7.609912895250396,19.397500000032263,0.1870874023437497,nan,1476.8038390033612,0.6273294632471017,nan,2592149,52900
0.11923810456480304,0.02441337478347125,0.8169282946581571,nan,7.6822271680140615,19.44750000003233,0.1882467215401784,nan,1477.6698736123742,0.6131732026880454,nan,2597049,53000
0.11909324026533548,0.024847581884158497,0.7802895660001549,nan,6.922085294401284,19.49750000003237,0.1880977957589286,nan,1478.2416553636524,0.6006380010114196,nan,2601949,53100
0.11903953524572516,0.02509535858540663,0.8143757697091236,nan,8.507263895858213,19.547500000032446,0.1865867396763393,nan,1478.727283438321,0.6460863293002849,nan,2606849,53200
0.11988997987338477,0.025465054778116093,0.8008017809056459,nan,7.469572193121352,19.597500000032515,0.18540283203125016,nan,1479.345892988292,0.5855884809218141,nan,2611749,53300
0.11917810357042716,0.024457056583570603,0.81030789842684,nan,7.812384076992333,19.647500000032558,0.20037109374999998,nan,1479.8622698796273,0.6139646335910319,nan,2616649,53400
0.11935164704918858,0.024968852147992153,0.8152791450436779,nan,8.049605436058549,19.697500000032626,0.18533098493303563,nan,1480.5049273423492,0.5945209993401774,nan,2621549,53500
0.11788117621626167,0.02395464080252814,0.7779766057283115,nan,7.7252564135525,19.747500000032687,0.18938302176339283,nan,1481.1731899351525,0.6365686211501004,nan,2626449,53600
0.11881657070347232,0.02414019632153213,0.8059628546699129,nan,7.5915532243335475,19.79750000003275,0.19245553152901798,nan,1481.7212637441535,0.6450458427125562,nan,2631349,53700
0.11957775081907003,0.024949478727898426,0.818502734350093,nan,7.971505657537843,19.847500000032817,0.1906168038504463,nan,1482.369738405431,0.5695605090826423,nan,2636249,53800
0.11902017833931108,0.024335500262677664,0.8084372276978896,nan,7.588167183537286,19.897500000032863,0.18263078962053586,nan,1483.0327013699002,0.6502166882005056,nan,2641149,53900
0.11806140842182294,0.02414198492387575,0.8020627592576379,nan,6.843416877632718,19.94750000003294,0.18973318917410723,nan,1483.5880099745384,0.6287269756905418,nan,2646049,54000
0.11937108235699792,0.024028378631919617,0.8047773672755487,nan,7.814119601481005,19.997500000033,0.18391915457589272,nan,1484.1988438893245,0.6273266618127414,nan,2650949,54100
0.11984394107546133,0.024906899862523608,0.8008076096988923,nan,7.6170748476151715,20.04750000003306,0.19192225864955362,nan,1484.698562796742,0.5771916777343739,nan,2655849,54200
0.11924965598753512,0.024567427711029106,0.7870872209075573,nan,8.422927828239219,20.09750000003311,0.1977540806361607,nan,1485.2193456705481,0.5845575952485158,nan,2660749,54300
0.11938490492956971,0.02443031339240927,0.7898604101418597,nan,7.746825411599681,20.147500000033173,0.1883687918526786,nan,1485.8526759493081,0.6315090471795988,nan,2665649,54400
0.11970150581427985,0.025689067695555946,0.7913404639311459,nan,7.798156452852275,20.197500000033248,0.19153459821428553,nan,1486.47190517283,0.6374792621946526,nan,2670549,54500
0.11860988248671804,0.023833973297317096,0.8200676099533716,nan,7.128989733006732,19.306560000033297,0.1877207728794643,nan,1496.1523277572142,0.6104808551916948,nan,2675449,54600
0.11964508312089102,0.024832376052758523,0.7821277266610795,nan,8.209988912688418,19.296500000033358,0.19011352539062482,nan,1487.7445314568095,0.6192394982985359,nan,2680349,54700
0.11875936608229365,0.025070611259766968,0.8209884059984898,nan,7.487210616232329,19.346500000033416,0.1902314104352678,nan,1488.404841662727,0.6227773019983889,nan,2685249,54800
0.11890256298439839,0.025443235736872474,0.7986138331839925,nan,7.107019437313931,19.396500000033488,0.18880022321428563,nan,1489.1456650660905,0.5827361781346718,nan,2690149,54900
0.12016732313803258,0.024621523639985484,0.7858372446804436,nan,7.843445686400064,19.446500000033545,0.1883311244419643,nan,1489.6921194299425,0.6475027598855011,nan,2695049,55000
0.11914820581674578,0.025045341212036366,0.7877581077795323,nan,7.01239551903658,19.4965000000336,0.18619088309151788,nan,1490.3045175644236,0.608868927544125,nan,2699949,55100
0.11929264055831096,0.025314421047057445,0.794669366009423,nan,8.204525767523622,19.54650000003366,0.18808035714285717,nan,1490.9028224051847,0.6030210344687904,nan,2704849,55200
0.11914351361138475,0.023848192093095587,0.7891767802812446,nan,8.095507630950419,19.596500000033725,0.18675275530133925,nan,1491.4859299296268,0.5755320730969316,nan,2709749,55300
0.11961739978619979,0.024069500687931247,0.8048835861785785,nan,7.979538306382808,19.646500000033786,0.18781058175223228,nan,1492.028208616341,0.610699776669863,nan,2714649,55400
0.11823541168655663,0.02417619576012451,0.784905004863353,nan,8.246022060631212,19.696500000033847,0.1945788574218751,nan,1492.5195284099464,0.6421368629245949,nan,2719549,55500
0.11867725514939857,0.02372025581342833,0.7930635632247057,nan,8.035871962608415,19.74650000003392,0.1882720075334821,nan,1493.241823955562,0.5963197368268969,nan,2724449,55600
0.11880683322037977,0.024547993814838794,0.7851322392966406,nan,7.965088182609572,19.79650000003398,0.19390241350446427,nan,1493.9507144568947,0.6033581433702104,nan,2729349,55700
0.11924136208636416,0.024834686686683986,0.8043269137871379,nan,7.435979228660008,19.846500000034034,0.1847321428571425,nan,1494.5440096675861,0.6140657474508319,nan,2734249,55800
0.11844172628862525,0.024557728434779776,0.7888742054738075,nan,7.956364923704617,19.896500000034088,0.19010428292410728,nan,1495.1598631750244,0.6786772474400053,nan,2739149,55900
0.11936880820563868,0.02427932716107797,0.7955554654901236,nan,7.432140637968444,19.946500000034156,0.18837925502232122,nan,1495.6161198799284,0.5859294408528615,nan,2744049,56000
0.11902660655123849,0.02464486973892366,0.7884183955566553,nan,7.505222962781672,19.996500000034214,0.18659981863839262,nan,1496.3535816336139,0.6040532161877268,nan,2748949,56100
0.11869475403002343,0.024255093104605187,0.7766194651232107,nan,7.390023098935603,20.04650000003428,0.1839172363281252,nan,1496.8428971721708,0.6083884836139904,nan,2753849,56200
0.1191466393853937,0.02441691929873611,0.7978082230100262,nan,8.387200160607298,20.096500000034336,0.18895019531249999,nan,1497.641953040493,0.6108096148731689,nan,2758749,56300
0.11873693117073603,0.024087259226611705,0.7798464801185542,nan,7.784803609282638,19.666020000034393,0.1905456542968751,nan,1507.3556364964488,0.6250649221654752,nan,2763649,56400
0.1190982396474907,0.025106486204479445,0.79024565059825,nan,7.944464183842028,19.195500000034464,0.18869001116071432,nan,1498.8079463060094,0.6008745869249379,nan,2768549,56500
0.11981180569955276,0.02457360633648931,0.8086851604220434,nan,7.79225574890136,19.245500000034525,0.19064871651785706,nan,1499.2018215721905,0.605271385084413,nan,2773449,56600
0.11884206622838972,0.023977770950379142,0.8128834550573344,nan,7.9450867777062335,19.29550000003458,0.19467250279017853,nan,1500.0282243943575,0.6400049927982343,nan,2778349,56700
0.11799143003565928,0.02455523981845807,0.7888262181251258,nan,7.716226751744003,19.345500000034644,0.185626220703125,nan,1500.6361963131096,0.5916515388680545,nan,2783249,56800
0.11927142564739494,0.02456412477551826,0.7955270397549006,nan,8.556383605437896,19.3955000000347,0.19139683314732148,nan,1501.0431124865136,0.6550755915356532,nan,2788149,56900
0.11939417598502973,0.024078630033348324,0.8023913207717424,nan,7.496510750994079,19.44550000003477,0.1915761021205355,nan,1501.6772279641682,0.5959725541151155,nan,2793049,57000
0.11957418377910337,0.024416266172858227,0.7840839213425315,nan,7.317389428216616,19.49550000003483,0.18700648716517865,nan,1502.4815694005788,0.5967772626820076,nan,2797949,57100
0.11841421182666496,0.02499169223276632,0.7875059835635271,nan,8.509867273235812,19.545500000034895,0.1867393275669642,nan,1503.0419933566454,0.6289863392290544,nan,2802849,57200
