grad_norm,lg_loss_scale,loss,loss_q0,loss_q1,loss_q2,loss_q4,loss_q5,mse,mse_q0,mse_q1,mse_q2,mse_q4,mse_q5,param_norm,samples,step,xs_mse,xs_mse_q0,xs_mse_q1,xs_mse_q2,xs_mse_q4,xs_mse_q5,loss_q3,mse_q3,xs_mse_q3,loss_q9,mse_q9,xs_mse_q9,loss_q11,mse_q11,xs_mse_q11,loss_q7,mse_q7,xs_mse_q7,loss_q8,mse_q8,xs_mse_q8,loss_q15,mse_q15,xs_mse_q15,loss_q10,mse_q10,xs_mse_q10,loss_q6,mse_q6,xs_mse_q6,loss_q14,mse_q14,xs_mse_q14,loss_q17,mse_q17,xs_mse_q17,loss_q13,mse_q13,xs_mse_q13,loss_q12,mse_q12,xs_mse_q12,loss_q26,mse_q26,xs_mse_q26
17.307756436732397,20.049500000000037,0.8446667291969058,0.84442496,0.9594584,1.0118152,0.72408915,0.8910629,0.8446667291969058,0.84442496,0.9594584,1.0118152,0.72408915,0.8910629,300.5991054115104,155136,100,0.06760026002768432,0.067243114,0.2394686,0.25284508,0.18099672,0.2227445,,,,,,,,,,,,,,,,,,,,,,,,,,,,,,,,,,,,,,,
15.61003449425304,18.265621359223477,0.5828917767599366,0.5823242,0.8538407,1.0182412,1.2767507,,0.5828917767599366,0.5823242,0.8538407,1.0182412,1.2767507,,300.65857709241567,308736,200,0.03909334440227336,0.038752645,0.21312732,0.25443882,0.3191417,,1.553196,1.553196,0.38821387,,,,,,,,,,,,,,,,,,,,,,,,,,,,,,,,,,,,
13.719098095937644,16.338198019802295,0.30849662035851216,0.30740917,0.8712142,1.08561,0.9388949,,0.30849662035851216,0.30740917,0.8712142,1.08561,0.9388949,,300.701001075114,462336,300,0.022526503472570496,0.022153607,0.21745469,0.2712867,0.23469785,,0.9672035,0.9672035,0.24174267,,,,,,,,,,,,,,,,,,,,,,,,,,,,,,,,,,,,
12.380508893725494,16.34950000000044,0.2379017048701642,0.23681653,0.7371535,0.8275652,,1.1256218,0.2379017048701642,0.23681653,0.7371535,0.8275652,,1.1256218,300.7419442761357,615936,400,0.017977034945506613,0.01762118,0.18399885,0.20678383,,0.2813774,1.2534095,1.2534095,0.31328827,,,,,,,,,,,,,,,,,,,,,,,,,,,,,,,,,,,,
9.239259079656865,16.449500000000544,0.20900410965085026,0.20781729,0.7886096,0.92229295,0.8140116,1.5212839,0.20900410965085026,0.20781729,0.7886096,0.92229295,0.8140116,1.5212839,300.78921696330326,769536,500,0.016427974373800638,0.016060324,0.19683892,0.23046546,0.2034779,0.38028798,0.97326684,0.97326684,0.24325308,0.5601651,0.5601651,0.14003697,,,,,,,,,,,,,,,,,,,,,,,,,,,,,,,,,
9.479548304096927,16.549500000000666,0.19066454622894505,0.18977006,0.6788154,0.8886529,0.90664065,0.92865026,0.19066454622894505,0.18977006,0.6788154,0.8886529,0.90664065,0.92865026,300.842105204655,923136,600,0.015055495314300064,0.014777491,0.16943498,0.22205757,0.22662741,0.23214267,1.0431502,1.0431502,0.26073426,,,,,,,,,,,,,,,,,,,,,,,,,,,,,,,,,,,,
8.532862716845283,16.649500000000792,0.17785841511562483,0.17698953,0.66889465,0.8906684,1.1118383,,0.17785841511562483,0.17698953,0.66889465,0.8906684,1.1118383,,300.9100330557706,1076736,700,0.01405219932785259,0.013784767,0.16697054,0.22256157,0.27792203,,0.65660185,0.65660185,0.16412167,,,,1.35958,1.35958,0.339889,,,,,,,,,,,,,,,,,,,,,,,,,,,,,,
8.123034055809496,16.749500000000914,0.17015961807221183,0.16903573,0.7155357,0.87161446,,,0.17015961807221183,0.16903573,0.7155357,0.87161446,,,300.98725751557464,1230336,800,0.013507674335851323,0.013170407,0.17860633,0.21780154,,,0.9295155,0.9295155,0.23231998,,,,,,,,,,,,,,,,,,,,,,,,,,,,,,,,,,,,
7.408034542263066,16.849500000001026,0.16241757037118087,0.16141942,0.703959,0.6847348,0.96586347,,0.16241757037118087,0.16141942,0.703959,0.6847348,0.96586347,,301.07713246675473,1383936,900,0.013089325162000022,0.012790688,0.17571558,0.17111863,0.24143198,,1.0718482,1.0718482,0.26790398,,,,,,,,,,,,,,,,,,,,,,,,,,,,,,,,,,,,
6.67782782901266,16.949500000001173,0.15863245289772715,0.15760417,0.6759941,0.9374174,,,0.15863245289772715,0.15760417,0.6759941,0.9374174,,,301.1723237419583,1537536,1000,0.012654489506967377,0.01234725,0.16872779,0.23424187,,,,,,,,,,,,,,,,,,,,,,,,,,,,,,,,,,,,,,,,,
6.065987492637819,17.04950000000129,0.15450320195406667,0.15366556,0.6252572,0.7156059,,,0.15450320195406667,0.15366556,0.6252572,0.7156059,,,301.27482963881283,1691136,1100,0.01240740701323375,0.012153121,0.15606439,0.1788278,,,1.3192906,1.3192906,0.32975876,,,,,,,,,,,,,,,,,,,,,,,,,,,,,,,,,,,,
6.465922206184853,17.149500000001414,0.15193525019101786,0.15085533,0.7120205,0.88428724,,,0.15193525019101786,0.15085533,0.7120205,0.88428724,,,301.3825414070757,1844736,1200,0.012362233437015677,0.012045076,0.17772973,0.22097978,,,1.1049285,1.1049285,0.27616963,,,,,,,,,,,,,,,,,,,,,,,,,,,,,,,,,,,,
5.30983008363797,17.249500000001532,0.14997487035579965,0.1490715,0.67680454,1.1234434,,,0.14997487035579965,0.1490715,0.67680454,1.1234434,,,301.4980392815832,1998336,1300,0.012081168052391174,0.011814602,0.1689319,0.2807463,,,0.7158923,0.7158923,0.17893288,,,,,,,,,,,,,,,,,,,,,,,,,,,,,,,,,,,,
5.561679925010609,17.34950000000164,0.14678415569476774,0.14582969,0.6207411,1.0208757,0.9221405,,0.14678415569476774,0.14582969,0.6207411,1.0208757,0.9221405,,301.6117795795845,2151936,1400,0.01192867642093916,0.011645601,0.15493692,0.25510642,0.23050956,,0.8757225,0.8757225,0.21887743,,,,,,,0.9341302,0.9341302,0.23352277,,,,,,,,,,,,,,,,,,,,,,,,,,,
5.233045334497432,17.44950000000176,0.14560603658668672,0.14454377,0.6487841,0.9684861,0.5630504,,0.14560603658668672,0.14454377,0.6487841,0.9684861,0.5630504,,301.7291061883419,2305536,1500,0.011896439908305172,0.01158089,0.16194448,0.24201742,0.14074466,,,,,,,,,,,,,,,,,,,,,,,,,,,,,,,,,,,,,,,,
4.916493291287183,17.549500000001895,0.14382821844890703,0.14302215,0.64142865,0.78239167,,,0.14382821844890703,0.14302215,0.64142865,0.78239167,,,301.85183703995114,2459136,1600,0.011812439035857105,0.011573452,0.16012043,0.19550098,,,,,,,,,,,,,,,,,,,,,,,,,,,,,,,,,,,,,,,,,
5.010244036633489,17.649500000002007,0.14353869436308736,0.14258246,0.6151872,0.7213013,,,0.14353869436308736,0.14258246,0.6151872,0.7213013,,,301.97758017798054,2612736,1700,0.011733658139710302,0.011448713,0.15356171,0.18025136,,,1.3186415,1.3186415,0.32958853,,,,,,,,,,,,,,,,,,,,,,,,,,,,,,,,,,,,
4.838549836737706,17.74950000000213,0.14152988884598036,0.1407649,0.58785826,0.7781635,,,0.14152988884598036,0.1407649,0.58785826,0.7781635,,,302.1054041074393,2766336,1800,0.011654563457705073,0.011424158,0.14672686,0.1944398,,,0.4360815,0.4360815,0.10899951,,,,,,,,,,,,,,,,,,,,,,,,,,,,,,,,,,,,
4.383469802945787,17.849500000002266,0.14169069543480864,0.14068484,0.6629927,0.8091766,,,0.14169069543480864,0.14068484,0.6629927,0.8091766,,,302.2358587746641,2919936,1900,0.011667266226140774,0.011372506,0.16548744,0.20220542,,,,,,,,,,,,,,,0.5702251,0.5702251,0.14255118,,,,,,,,,,,,,,,,,,,,,,,,
4.467105741870947,17.94950000000239,0.14009932502172887,0.13913804,0.59190184,0.84956294,,,0.14009932502172887,0.13913804,0.59190184,0.84956294,,,302.3703543940799,3073536,2000,0.011655084863887149,0.011368921,0.14773938,0.21229535,,,0.81833774,0.81833774,0.2045457,,,,,,,,,,,,,,,,,,,,,,,,,,,,,,,,,,,,
4.17612145724709,18.049500000002507,0.1392233642283827,0.13812077,0.64064795,0.7170351,1.2421361,0.7468771,0.1392233642283827,0.13812077,0.64064795,0.7170351,1.2421361,0.7468771,302.50930572781164,3227136,2100,0.011470890152268114,0.011148381,0.15990405,0.17918187,0.3104899,0.18670289,1.0651869,1.0651869,0.26623607,,,,,,,,,,,,,,,,,,,,,,,,,,,,,,,,,,,,
3.870084589045313,18.149500000002625,0.13864328792318698,0.13778037,0.6239805,0.96177197,,,0.13864328792318698,0.13778037,0.6239805,0.96177197,,,302.6503635290554,3380736,2200,0.011487389936228278,0.011232795,0.15575491,0.2403262,,,0.6623126,0.6623126,0.1655482,,,,,,,,,,,,,,,,,,,,,,,,,,,,,,,,,,,,
3.9557171015933736,18.24950000000274,0.13756142064928997,0.13671952,0.595634,0.9439738,,,0.13756142064928997,0.13671952,0.595634,0.9439738,,,302.79662007556306,3534336,2300,0.011354102207697003,0.011107466,0.14866976,0.23588985,,,0.94279474,0.94279474,0.2356453,,,,,,,,,,,,,,,,,,,,,,,,,,,,,,,,,,,,
4.129890052246168,18.349500000002884,0.1377436608914287,0.13692918,0.59646183,0.6675598,1.0552578,,0.1377436608914287,0.13692918,0.59646183,0.6675598,1.0552578,,302.9466011986746,3687936,2400,0.011416440886096085,0.01117405,0.14886926,0.16680652,0.26378268,,1.0873648,1.0873648,0.27178043,,,,,,,,,,,,,,,,,,,,,,,,,,,,,,,,,,,,
4.118299883476231,18.449500000002995,0.13754819362424284,0.13657732,0.6046559,0.76353705,,0.7127873,0.13754819362424284,0.13657732,0.6046559,0.76353705,,0.7127873,303.09807903551996,3841536,2500,0.011413428203086367,0.011127964,0.15093376,0.19079928,,0.17817971,0.97599137,0.97599137,0.24394172,,,,,,,,,,,,,,,,,,,,,,,,,,,,,,,,,,,,
3.291586162631645,18.549500000003118,0.13721501671709121,0.1363082,0.7027471,0.76061213,1.361812,,0.13721501671709121,0.1363082,0.7027471,0.76061213,1.361812,,303.2547777652434,3995136,2600,0.011344511683564627,0.011082011,0.17541912,0.19006822,0.34040284,,,,,,,,,,,,,,,,,,,,,,,,,,,,,,,,,,,,,,,,
3.5009710222520183,18.649500000003247,0.13605403919704273,0.13509387,0.6236418,0.7946515,0.7423215,1.3689799,0.13605403919704273,0.13509387,0.6236418,0.7946515,0.7423215,1.3689799,303.4139000987971,4148736,2700,0.01133466471859719,0.011053146,0.15566829,0.19856362,0.18555778,0.34221935,0.71304274,0.71304274,0.17822455,,,,,,,,,,,,,,,,,,,,,,,,,,,,,,,,,,,,
3.190995281278767,18.74950000000335,0.13514998187310978,0.1343406,0.6238084,0.7296088,,,0.13514998187310978,0.1343406,0.6238084,0.7296088,,,303.5766496032281,4302336,2800,0.011313831432489683,0.011076358,0.15572643,0.1823124,,,1.765497,1.765497,0.44125733,,,,,,,,,,,,,,,,,,,,,,,,,,,,,,,,,,,,
3.441495743842141,18.849500000003477,0.13494687837548533,0.1340017,0.6362488,0.8182376,0.721015,,0.13494687837548533,0.1340017,0.6362488,0.8182376,0.721015,,303.7426255758642,4455936,2900,0.011126273056142949,0.010849552,0.158822,0.20446944,0.18023452,,0.88747287,0.88747287,0.22181886,,,,,,,,,,,,,,,,,,,,,,,,,,,,,,,,,,,,
3.5993799659429637,18.949500000003603,0.13496044308878524,0.1339109,0.6352515,0.9398168,,,0.13496044308878524,0.1339109,0.6352515,0.9398168,,,303.90908071986627,4609536,3000,0.01114672262396199,0.010840767,0.15857606,0.23483488,,,0.91992277,0.91992277,0.22992933,,,,,,,,,,,,,,,,,,,,,,,,,,,,,,,,,,,,
2.95507449878548,19.04950000000372,0.13447779512032879,0.13350539,0.62560606,0.86515075,,,0.13447779512032879,0.13350539,0.62560606,0.86515075,,,304.087784505897,4763136,3100,0.01111299443582539,0.0108285835,0.15614347,0.21619557,,,0.8317636,0.8317636,0.20789017,,,,,,,,,,,,,,,,,,,,,,,,,,,,,,,,,,,,
2.9648926046237345,19.149500000003858,0.13467576194554604,0.13382834,0.68518615,0.9809547,,,0.13467576194554604,0.13382834,0.68518615,0.9809547,,,304.2713665631465,4916736,3200,0.01131482962111478,0.01107004,0.1710465,0.24512008,,,,,,,,,,,,,,,,,,,,,,,,,,,,,,,,,,,,,,,,,
3.1793811267344267,19.249500000003987,0.13344349764287464,0.13262177,0.605634,0.71928424,,0.9986782,0.13344349764287464,0.13262177,0.605634,0.71928424,,0.9986782,304.4556197412032,5070336,3300,0.01106435588444582,0.010823505,0.15115088,0.17974629,,0.2496509,1.5205904,1.5205904,0.38005817,,,,,,,,,,,,,0.87147653,0.87147653,0.21786688,,,,,,,,,,,,,,,,,,,,,
3.11547512127699,19.349500000004085,0.13338701030239458,0.13237381,0.6194385,0.81496584,,,0.13338701030239458,0.13237381,0.6194385,0.81496584,,,304.6399392207427,5223936,3400,0.010966107937274495,0.010668083,0.15460701,0.20365241,,,0.7653162,0.7653162,0.19127683,,,,,,,,,,,,,,,,,,,,,,,,,,,,,,,,,,,,
2.8136337131419586,19.44950000000422,0.13313921034336096,0.13226749,0.6148575,0.79081374,,,0.13313921034336096,0.13226749,0.6148575,0.79081374,,,304.8307759803722,5377536,3500,0.011056348261190585,0.010799604,0.15345922,0.19762245,,,,,,,,,,,,,,,,,,,,,,,,,,,,,,,,,,,,,,,,,
2.909523996238649,19.549500000004358,0.13298007530160252,0.13214554,0.6887344,0.59227437,0.87039804,,0.13298007530160252,0.13214554,0.6887344,0.59227437,0.87039804,,305.02003455328094,5531136,3600,0.011049872209550832,0.010808826,0.17191896,0.14800102,0.2175657,,1.4769281,1.4769281,0.36916322,,,,,,,,,,,,,,,,,,,,,,,,,,,,,,,,,,,,
3.2803610934116025,19.649500000004462,0.13321534346789107,0.13203974,0.66537815,0.8617857,,0.5824674,0.13321534346789107,0.13203974,0.66537815,0.8617857,,0.5824674,305.2204986108264,5684736,3700,0.01137061420944518,0.011031698,0.16609327,0.21534728,,0.14560302,0.9920391,0.9920391,0.24795493,,,,,,,,,,,,,,,,,,,,,,,,,,,,,,,,,,,,
2.786401866200155,19.749500000004577,0.13278714671730954,0.13190301,0.6385403,0.8341887,,0.58256733,0.13278714671730954,0.13190301,0.6385403,0.8341887,,0.58256733,305.42501708173126,5838336,3800,0.011052617646055318,0.010794616,0.1593999,0.20844775,,0.14562902,,,,,,,,,,,,,,,,,,,,,,,,,,,,,,,,,,,,,,,
2.6051503901639856,19.84950000000471,0.13187089418992418,0.13105024,0.5886423,0.7567852,0.98623276,,0.13187089418992418,0.13105024,0.5886423,0.7567852,0.98623276,,305.62851279586783,5991936,3900,0.010974687180132605,0.010733923,0.14693981,0.18911251,0.24652593,,1.0910296,1.0910296,0.2726968,,,,,,,,,,,,,,,,,,,,,,,,,,,,,,,,,,,,
2.8635139404835304,19.75178217822265,0.13229865510717434,0.13125594,0.5910675,1.1004512,,,0.13229865510717434,0.13125594,0.5910675,1.1004512,,,305.83904239890217,6145536,4000,0.011152083280676099,0.01084816,0.14752485,0.2749956,,,1.0333248,1.0333248,0.25826356,,,,,,,,,,,,,,,,,,,,,,,,,,,,,,,,,,,,
2.358351438635489,19.049500000004947,0.13168589489534532,0.13088349,0.5753162,0.7076145,,,0.13168589489534532,0.13088349,0.5753162,0.7076145,,,306.04534425255827,6299136,4100,0.010901319471304296,0.010663702,0.143605,0.17682134,,,0.80846554,0.80846554,0.20207071,,,,,,,,,,,,,,,,,,,,,,,,,,,,,,,,,,,,
2.821405961511047,19.149500000005077,0.13133291985839587,0.13035652,0.65380013,0.8072325,,0.6549667,0.13133291985839587,0.13035652,0.65380013,0.8072325,,0.6549667,306.253599781773,6452736,4200,0.011047653231071295,0.010765677,0.16320556,0.20171815,,0.1637286,1.0848169,1.0848169,0.2711382,,,,,,,,,,,,,,,,,,,,,,,,,,,,,,,,,,,,
2.421926265579009,19.249500000005185,0.13134976407513022,0.13048482,0.59478563,0.6965581,,0.45059085,0.13134976407513022,0.13048482,0.59478563,0.6965581,,0.45059085,306.46472232410383,6606336,4300,0.011011578459292636,0.010756125,0.14846605,0.1740509,,0.11263871,,,,,,,1.4099764,1.4099764,0.3524871,,,,,,,,,,,,,,,,,,,,,,,,,,,,,,
2.781520775470309,19.349500000005307,0.1307991899643095,0.12987344,0.6594494,0.68367654,1.2910378,,0.1307991899643095,0.12987344,0.6594494,0.68367654,1.2910378,,306.6789428724105,6759936,4400,0.010915636332356374,0.01064754,0.16461796,0.17084908,0.32271516,,0.6385373,0.6385373,0.15960337,,,,,,,,,,0.80797243,0.80797243,0.20198616,,,,1.0177212,1.0177212,0.25442427,,,,,,,,,,,,,,,,,,
2.430738071563455,19.449500000005454,0.13036751581355918,0.12949185,0.6503696,0.84127307,1.1801622,,0.13036751581355918,0.12949185,0.6503696,0.84127307,1.1801622,,306.8985768036786,6913536,4500,0.010856936902855512,0.01060295,0.16233946,0.21020094,0.29500374,,0.46281144,0.46281144,0.115683556,,,,,,,,,,,,,,,,,,,,,,,,,,,,,,,,,,,,
2.374450918107169,19.549500000005573,0.1307287842128427,0.12984696,0.6189588,0.70079905,0.95227426,,0.1307287842128427,0.12984696,0.6189588,0.70079905,0.95227426,,307.1241466192291,7067136,4600,0.010883314549573699,0.010625182,0.15450726,0.1751186,0.2380408,,0.86860555,0.86860555,0.21710214,,,,,,,,,,,,,,,,,,,,,,,,,,,,,,,,,,,,
2.3382875097667166,19.64950000000567,0.13083821708336463,0.12995361,0.63368344,0.9751261,,,0.13083821708336463,0.12995361,0.63368344,0.9751261,,,307.34847966503213,7220736,4700,0.010809285298455486,0.010554375,0.15817685,0.24368538,,,1.144232,1.144232,0.2859956,,,,,,,,,,,,,,,,,,,,,,,,,,,,,,,,,,,,
2.187261814830904,19.7495000000058,0.13038271431811146,0.12942375,0.63855183,0.69350266,1.0298827,0.5548227,0.13038271431811146,0.12942375,0.63855183,0.69350266,1.0298827,0.5548227,307.5788895983304,7374336,4800,0.010895516762975635,0.010615976,0.15940967,0.17329617,0.25744006,0.13869245,0.7835475,0.7835475,0.19584864,,,,,,,,,,,,,,,,,,,,,,,,,,,,,,,,,,,,
2.51445037055277,19.84950000000591,0.12990426658652723,0.12895307,0.59968233,0.8671889,1.0888624,,0.12990426658652723,0.12895307,0.59968233,0.8671889,1.0888624,,307.8142229441325,7527936,4900,0.01089193340856581,0.01061473,0.14967197,0.21669896,0.2721836,,0.7070365,0.7070365,0.17671964,,,,,,,,,,,,,,,,,,,,,,,,,,,,,,,,,,,,
2.6033628122199244,19.949500000006054,0.13019608261995044,0.12934719,0.6198986,0.7855933,,,0.13019608261995044,0.12934719,0.6198986,0.7855933,,,308.04706985461036,7681536,5000,0.010856378051685163,0.010607746,0.15472436,0.19631019,,,,,,,,,,,,,,,,,,,,,,,,,,,,,,,,,,,,,,,,,
2.3223650699121756,20.049500000006176,0.13011971250176435,0.12903954,0.68188566,0.72588295,0.7466532,,0.13011971250176435,0.12903954,0.68188566,0.72588295,0.7466532,,308.2838124915292,7835136,5100,0.011030853315023669,0.010719534,0.17019987,0.1813787,0.1866431,,,,,,,,,,,,,,,,,,,,,,,,,,,,,,,,,,,,,,,,
2.2212270002975663,20.149500000006306,0.1293487364891916,0.12856355,0.57652223,0.7001338,,1.1686096,0.1293487364891916,0.12856355,0.57652223,0.7001338,,1.1686096,308.5191214281796,7988736,5200,0.01074643414933236,0.0105146235,0.14391291,0.17494434,,0.29212663,,,,1.0843363,1.0843363,0.27107656,,,,,,,,,,,,,,,,,,,,,,,,,,,,,,,,,
2.063547697331747,20.249500000006435,0.12959505833685414,0.12869404,0.6400775,0.8919126,,0.74321985,0.12959505833685414,0.12869404,0.6400775,0.8919126,,0.74321985,308.76241323348734,8142336,5300,0.010929302572039891,0.010668495,0.15977558,0.22286364,,0.18578804,,,,,,,,,,,,,,,,,,,,,,,,,,,,,,,,,,,,,,,
2.321656245043292,20.349500000006543,0.12942241647280747,0.12853833,0.62141645,0.78498,,,0.12942241647280747,0.12853833,0.62141645,0.78498,,,309.00380555660655,8295936,5400,0.010733852069242844,0.010475105,0.1551041,0.19613335,,,0.6061952,0.6061952,0.15151295,,,,,,,,,,,,,,,,,,,,,,,,,,,,,,,,,,,,
2.143284127551724,20.449500000006676,0.12886847897432713,0.1279616,0.6022317,0.935294,0.88754594,,0.12886847897432713,0.1279616,0.6022317,0.935294,0.88754594,,309.2466692024807,8449536,5500,0.010907837740960519,0.010646735,0.15031685,0.23372155,0.22185539,,1.2151475,1.2151475,0.3037228,,,,,,,,,,,,,,,,,,,,,,,,,,,,,,,,,,,,
2.1948662990924603,20.43106930693749,0.1289062605580627,0.12806647,0.6066186,0.6807257,1.1258717,,0.1289062605580627,0.12806647,0.6066186,0.6807257,1.1258717,,309.49377662558277,8603136,5600,0.010684030355844105,0.01043838,0.15140742,0.1701018,0.28143573,,1.0273665,1.0273665,0.25677997,,,,,,,,,,,,,,,,,,,,,,,,,,,,,,,,,,,,
2.123465275329785,19.649500000006903,0.12912852218374635,0.12814108,0.598747,0.8755161,0.9041209,,0.12912852218374635,0.12814108,0.598747,0.8755161,0.9041209,,309.7475662568576,8756736,5700,0.010758825914817862,0.010471599,0.1494422,0.2187858,0.22599578,,0.9939307,0.9939307,0.2484335,,,,,,,,,,,,,,,,,,,,,,,,,,,,,,,,,,,,
2.2076999046962325,19.749500000007025,0.12876397869549708,0.12781297,0.580229,0.73567295,0.8797722,1.3769947,0.12876397869549708,0.12781297,0.580229,0.73567295,0.8797722,1.3769947,310.0026492256609,8910336,5800,0.010848420712281936,0.010569979,0.14482743,0.18382189,0.21991552,0.34422114,0.737397,0.737397,0.18430224,0.5716486,0.5716486,0.14290777,,,,1.3688123,1.3688123,0.34218583,,,,,,,,,,,,,,,,,,,,,,,,,,,
2.4408763937941096,19.849500000007147,0.12863032230176027,0.127876,0.60951173,0.6538741,,,0.12863032230176027,0.127876,0.60951173,0.6538741,,,310.25538402387554,9063936,5900,0.010881479366798882,0.010660921,0.15212628,0.1633987,,,0.8134997,0.8134997,0.20332019,,,,,,,,,,,,,,,,,,,,,,,,,,,,,,,,,,,,
1.992818133030231,19.39499009901716,0.1284972477870266,0.12755533,0.5953628,0.90157545,1.6020694,,0.1284972477870266,0.12755533,0.5953628,0.90157545,1.6020694,,310.5129807045823,9217536,6000,0.010786797548759518,0.010513185,0.14859661,0.22527018,0.4004656,,0.7650506,0.7650506,0.1912165,,,,,,,,,,,,,,,,,,,,,,,,,,,,,,,,,,,,
2.1758791694375548,19.0495000000074,0.1282891706470399,0.12745287,0.5759375,0.653698,0.43900263,,0.1282891706470399,0.12745287,0.5759375,0.653698,0.43900263,,310.77361249390964,9371136,6100,0.010623981199460099,0.010379483,0.14374742,0.16334057,0.10973637,,1.1410785,1.1410785,0.28520498,,,,,,,,,,,,,,,,,,,0.9256751,0.9256751,0.23140275,,,,,,,,,,,,,,,
2.1343106411821817,19.1495000000075,0.12840148463845294,0.12747744,0.60894793,0.7672057,1.4283392,,0.12840148463845294,0.12747744,0.60894793,0.7672057,1.4283392,,311.03669432708347,9524736,6200,0.010725229593808786,0.0104569085,0.15199836,0.19171262,0.35703775,,0.7923349,0.7923349,0.19804288,,,,,,,,,,,,,,,,,,,,,,,,,,,,,,,,,,,,
1.860224938315835,19.249500000007643,0.12749782640487015,0.12658277,0.6407987,0.79129,0.46205246,,0.12749782640487015,0.12658277,0.6407987,0.79129,0.46205246,,311.2993622310042,9678336,6300,0.010760009479708973,0.010495205,0.1599403,0.19773677,0.11550033,,0.86647594,0.86647594,0.21657251,,,,,,,,,,,,,,,,,,,,,,,,,,,,,,,,,,,,
1.8140760987314095,19.349500000007748,0.12833706198260225,0.1275172,0.61030656,0.7670357,1.7438105,,0.12833706198260225,0.1275172,0.61030656,0.7670357,1.7438105,,311.5669740964711,9831936,6400,0.01065244695986621,0.010413616,0.15233438,0.19167353,0.4358872,,0.87629664,0.87629664,0.21902838,,,,,,,,,,,,,,,,,,,,,,,,,,,,,,,,,,,,
2.035332723106782,19.449500000007884,0.1275804697256539,0.12665479,0.6091007,0.73231435,,,0.1275804697256539,0.12665479,0.6091007,0.73231435,,,311.83631380536264,9985536,6500,0.010765463806455974,0.010495916,0.15204434,0.182992,,,0.95607245,0.95607245,0.23895657,,,,,,,,,,,,,,,,,,,,,,,,,,,,,,,,,,,,
1.8597033601998483,19.549500000007995,0.12767603228799976,0.12673494,0.6279516,0.74611914,,,0.12767603228799976,0.12673494,0.6279516,0.74611914,,,312.1072283558516,10139136,6600,0.010657005763496288,0.010383379,0.15674165,0.18644273,,,1.2630703,1.2630703,0.31570128,,,,,,,,,,,,,,,,,,,,,,,,,,,,,,,,,,,,
1.8944500904780894,19.649500000008132,0.1277325035538523,0.12673268,0.6102351,0.8802946,,,0.1277325035538523,0.12673268,0.6102351,0.8802946,,,312.3844582094934,10292736,6700,0.010794677281519413,0.010504218,0.1523215,0.21996641,,,0.84569824,0.84569824,0.21137807,,,,,,,,,,,,,,,,,,,1.140563,1.140563,0.28512347,,,,,,,,,,,,,,,
2.0982888675972844,19.74950000000824,0.12708400429226466,0.12621273,0.6500763,0.78391904,,,0.12708400429226466,0.12621273,0.6500763,0.78391904,,,312.66145550966775,10446336,6800,0.01075394476298244,0.010502738,0.16225494,0.19588503,,,1.382458,1.382458,0.3455407,,,,,,,,,,,,,,,,,,,,,,,,,,,,,,,,,,,,
1.8958319542248685,19.849500000008366,0.1262678149715067,0.12537687,0.5886244,0.7765185,,0.9676377,0.1262678149715067,0.12537687,0.5886244,0.7765185,,0.9676377,312.9388691005098,10599936,6900,0.010564208817086175,0.010304953,0.14692387,0.19405286,,0.24188589,0.8006041,0.8006041,0.20010082,,,,,,,,,,,,,,,,,,,,,,,,,,,,,,,,,,,,
2.027528372304556,19.94950000000848,0.12692817027680572,0.12605786,0.61153156,0.7929506,0.6386186,,0.12692817027680572,0.12605786,0.61153156,0.7929506,0.6386186,,313.2217167497679,10753536,7000,0.010670404875418166,0.010417854,0.15263952,0.19815986,0.1596384,,0.99620265,0.99620265,0.24900866,,,,,,,,,,,,,,,,,,,,,,,,,,,,,,,,,,,,
1.8828385368119516,20.04950000000861,0.12719717195257602,0.12611116,0.65424985,0.56407565,,,0.12719717195257602,0.12611116,0.65424985,0.56407565,,,313.49849639873764,10907136,7100,0.010636677080765367,0.010323638,0.16329265,0.14095435,,,1.2143157,1.2143157,0.30352268,,,,,,,,,,0.7420613,0.7420613,0.18550919,,,,,,,,,,,,,,,,,,,,,,,,
1.9833877004466627,20.14950000000872,0.1271935838181524,0.12619302,0.6569527,0.8779715,1.0846548,,0.1271935838181524,0.12619302,0.6569527,0.8779715,1.0846548,,313.78205099450935,11060736,7200,0.010723412942024876,0.010436482,0.16398102,0.21939684,0.27112746,,1.4976635,1.4976635,0.37431628,,,,,,,,,,1.3163434,1.3163434,0.32907563,,,,,,,,,,,,,,,,,,,,,,,,
1.8280111464915132,20.249500000008865,0.12694461644627142,0.12595011,0.6059064,0.87451154,,0.8030088,0.12694461644627142,0.12595011,0.6059064,0.87451154,,0.8030088,314.0690491735356,11214336,7300,0.010706931636086678,0.010417845,0.15123463,0.2185254,,0.20073734,,,,,,,,,,,,,,,,,,,,,,,,,,,,,,,,,,,,,,,
1.5519489687993715,20.34950000000897,0.1266827884782103,0.12593418,0.5759487,0.81234,,1.1023153,0.1266827884782103,0.12593418,0.5759487,0.81234,,1.1023153,314.35597587724334,11367936,7400,0.010502713825553659,0.010283381,0.14374836,0.20297773,,0.27555293,1.1274707,1.1274707,0.28180212,,,,,,,,,,,,,,,,,,,,,,,,,,,,,,,,,,,,
1.6688995088368461,20.449500000009106,0.1268835469335316,0.12596235,0.5965107,0.70879567,0.8579459,,0.1268835469335316,0.12596235,0.5965107,0.70879567,0.8579459,,314.6446155443244,11521536,7500,0.010673549331841059,0.010404325,0.14888693,0.17711824,0.21445405,,1.0591768,1.0591768,0.26472303,,,,,,,,,,,,,,,,,,,,,,,,,,,,,,,,,,,,
1.682253688235427,20.549500000009218,0.12645444716326915,0.12567014,0.59921813,0.75707537,0.6214533,,0.12645444716326915,0.12567014,0.59921813,0.75707537,0.6214533,,314.934558640131,11675136,7600,0.010568342676851882,0.0103396615,0.14957312,0.18918371,0.1553419,,1.0255543,1.0255543,0.25632668,,,,,,,,,,,,,,,,,,,,,,,,,,,,,,,,,,,,
1.9307207691308232,20.580623762385592,0.12639304170255905,0.1255871,0.5760291,0.80524087,1.4352508,1.2689071,0.12639304170255905,0.1255871,0.5760291,0.80524087,1.4352508,1.2689071,315.23105745643994,11828736,7700,0.010616241331848481,0.010381132,0.14377187,0.20122257,0.3587653,0.31719708,0.8672871,0.8672871,0.21678385,,,,,,,,,,,,,,,,,,,,,,,,,,,,,,,,,,,,
1.94663509555539,19.749500000009476,0.12654232291504733,0.12567464,0.6238585,0.8869721,,,0.12654232291504733,0.12567464,0.6238585,0.8869721,,,315.53309652745924,11982336,7800,0.010498965296428653,0.010246822,0.1557363,0.22164208,,,0.90622157,0.90622157,0.22649741,,,,,,,,,,,,,,,,,,,,,,,,,,,,,,,,,,,,
1.536506626936096,19.8495000000096,0.12634531253948805,0.12525514,0.6368321,0.91589737,0.82948923,1.4077123,0.12634531253948805,0.12525514,0.6368321,0.91589737,0.82948923,1.4077123,315.82683302549424,12135936,7900,0.010623611964401787,0.010309705,0.1589458,0.22886108,0.20734408,0.35190114,0.6715411,0.6715411,0.16785163,,,,,,,,,,,,,,,,,,,,,,,,,,,,,,,,,,,,
1.6770504526066639,19.949500000009724,0.12640840950421933,0.12542132,0.61534035,0.9446428,,,0.12640840950421933,0.12542132,0.61534035,0.9446428,,,316.1240885884101,12289536,8000,0.010611646084580548,0.010325354,0.15359697,0.23604047,,,0.99162537,0.99162537,0.24786593,,,,,,,,,,,,,,,,,,,,,,,,,,,,,,,,,,,,
1.8409614635990006,20.049500000009843,0.12577272715978324,0.12485979,0.59587824,0.70703274,,,0.12577272715978324,0.12485979,0.59587824,0.70703274,,,316.42598967989835,12443136,8100,0.010541459270170882,0.010274797,0.14873603,0.1766716,,,0.89484036,0.89484036,0.22365871,,,,,,,,,,,,,,,,,,,,,,,,,,,,,,,,,,,,
1.6784704939223185,20.149500000009944,0.12622996359132208,0.1252983,0.5883986,0.8271471,1.47127,,0.12622996359132208,0.1252983,0.5883986,0.8271471,1.47127,,316.72991604891786,12596736,8200,0.010537434639991246,0.010266396,0.14686067,0.20669726,0.36776584,,0.96418405,0.96418405,0.24099071,,,,,,,,,,,,,,,,,,,1.0003924,1.0003924,0.250085,,,,,,,,,,,,,,,
1.6589972764457148,20.24950000001009,0.12607433228753515,0.12509847,0.57157916,0.7712981,,1.085979,0.12607433228753515,0.12509847,0.57157916,0.7712981,,1.085979,317.03221598939786,12750336,8300,0.010466436354909077,0.0101802,0.14264357,0.19273674,,0.27146852,0.8169562,0.8169562,0.20419574,,,,,,,,,,,,,,,,,,,,,,,,,,,,,,,,,,,,
1.6787096432557391,20.349500000010227,0.12583312138915084,0.12482832,0.57029045,0.79606724,,1.333005,0.12583312138915084,0.12482832,0.57029045,0.79606724,,1.333005,317.3310282564041,12903936,8400,0.010556190549978067,0.0102640195,0.14235345,0.19893724,,0.33322048,1.0603826,1.0603826,0.26503152,,,,,,,,,,,,,,,,,,,,,,,,,,,,,,,,,,,,
1.6884115519566283,20.449500000010318,0.12574697672389448,0.12479486,0.63794214,0.6545695,0.46689582,,0.12574697672389448,0.12479486,0.63794214,0.6545695,0.46689582,,317.6341145487015,13057536,8500,0.01042915345169604,0.010152985,0.1592294,0.16356434,0.11670862,,1.1980858,1.1980858,0.29946423,,,,,,,,,,,,,,,,,,,,,,,,,,,,,,,,,,,,
1.5765470996810123,20.549500000010447,0.1252626140508797,0.12428038,0.60296094,0.810806,,,0.1252626140508797,0.12428038,0.60296094,0.810806,,,317.9360265907038,13211136,8600,0.01038637188263237,0.010099305,0.15049936,0.2026121,,,0.9370103,0.9370103,0.23420185,,,,,,,,,,,,,,,,,,,,,,,,,,,,,,,,,,,,
1.8107413161833537,20.649500000010583,0.12493333291262382,0.12401587,0.5860224,0.89905834,,,0.12493333291262382,0.12401587,0.5860224,0.89905834,,,318.2395962903359,13364736,8700,0.010498270380194291,0.010231379,0.1462692,0.22467296,,,0.8782669,0.8782669,0.21951975,,,,,,,,,,,,,,,,,,,,,,,,,,,,,,,,,,,,
1.6223126461540491,20.749500000010684,0.12455490157939486,0.12373812,0.5797426,0.93841934,,,0.12455490157939486,0.12373812,0.5797426,0.93841934,,,318.54523544434215,13518336,8800,0.010371720070834265,0.010134171,0.1446995,0.23450427,,,1.3286623,1.3286623,0.33207908,,,,,,,,,,,,,,,,,,,,,,,,,,,,,,,,,,,,
1.540979386478174,20.849500000010817,0.12517962428741197,0.124286376,0.57190305,0.7305021,0.6547859,,0.12517962428741197,0.124286376,0.57190305,0.7305021,0.6547859,,318.8563125192351,13671936,8900,0.010437936571543087,0.010175802,0.1427388,0.18253782,0.16367434,,1.0985564,1.0985564,0.27459288,,,,,,,,,,,,,,,,,,,2.0335414,2.0335414,0.5083587,,,,,,,,,,,,,,,
1.715999356902715,20.15712871288223,0.1248190404367771,0.12397447,0.597324,0.72854686,1.3979945,,0.1248190404367771,0.12397447,0.597324,0.72854686,1.3979945,,319.1695110330543,13825536,9000,0.010373565378151645,0.010127965,0.1491049,0.18204767,0.34944996,,1.1665198,1.1665198,0.29157287,,,,,,,,,,,,,,,,,,,,,,,,,,,,,,,,,,,,
1.4968865932170574,20.04950000001106,0.12445288101211197,0.12349777,0.58609,0.72382766,,,0.12445288101211197,0.12349777,0.58609,0.72382766,,,319.4830758172149,13979136,9100,0.010337423338787628,0.010057904,0.1462895,0.18087153,,,0.7082345,0.7082345,0.17701986,,,,,,,,,,,,,,,,,,,,,,,,,,,,,,,,,,,,
1.6370768258524182,20.149500000011177,0.12426031803712262,0.12353476,0.5608936,0.7342915,,0.5672624,0.12426031803712262,0.12353476,0.5608936,0.7342915,,0.5672624,319.79547019127244,14132736,9200,0.010402777733397673,0.01018976,0.13998598,0.1834884,,0.14180367,,,,,,,,,,,,,,,,,,,,,,,,,,,,,,,,,,,,,,,
1.5908677238893203,20.249500000011302,0.12422000508755446,0.12315266,0.5983257,0.8494962,0.78448266,,0.12422000508755446,0.12315266,0.5983257,0.8494962,0.78448266,,320.1083378614357,14286336,9300,0.010470943507971245,0.0101610655,0.14935972,0.21228567,0.1960952,,1.0851196,1.0851196,0.27122498,,,,,,,,,,,,,,,,,,,,,,,,,,,,,,,,,,,,
1.487336044758977,20.349500000011414,0.12352530778385697,0.1227019,0.567864,0.8233399,0.74794364,,0.12352530778385697,0.1227019,0.567864,0.8233399,0.74794364,,320.42375582388956,14439936,9400,0.01026932260661854,0.010027563,0.14173178,0.20574267,0.1869587,,0.6794521,0.6794521,0.16983116,,,,,,,,,,,,,,,,,,,,,,,,,,,,,,,,,,,,
1.4863015320686959,20.449500000011554,0.12362707417458292,0.122875325,0.5878247,0.6335321,,,0.12362707417458292,0.122875325,0.5878247,0.6335321,,,320.7350345222954,14593536,9500,0.010275743447709833,0.010055494,0.14672983,0.15831314,,,0.77042896,0.77042896,0.19256778,,,,,,,,,,,,,,,,,,,,,,,,,,,,,,,,,,,,
1.583439951465654,20.54950000001168,0.12424318479374041,0.123226516,0.6298655,0.8976273,,,0.12424318479374041,0.123226516,0.6298655,0.8976273,,,321.0543366334692,14747136,9600,0.010432898095459648,0.01014048,0.15722181,0.224314,,,1.1048515,1.1048515,0.27615103,,,,,,,,,,,,,,,,,,,,,,,,,,,,,,,,,,,,
1.5198041297974594,20.649500000011784,0.12417683349922304,0.12323883,0.6279889,0.79828376,0.6722448,,0.12417683349922304,0.12323883,0.6279889,0.79828376,0.6722448,,321.3787218135724,14900736,9700,0.010332542799296832,0.010061187,0.15675636,0.199475,0.16804346,,0.8119742,0.8119742,0.20294964,,,,,,,,,,,,,,,,,,,,,,,,,,,,,,,,,,,,
1.593225103614456,20.145435643576285,0.12385923956696052,0.12292077,0.61268103,0.84262633,,,0.12385923956696052,0.12292077,0.61268103,0.84262633,,,321.69928160473233,15054336,9800,0.010358580820363865,0.010088976,0.15294111,0.21055391,,,1.0568622,1.0568622,0.26415655,0.975281,0.975281,0.24381328,,,,,,,,,,,,,,,,,,,,,,,,,,,,,,,,,
1.4258988362613874,19.849500000012046,0.12348053106106817,0.122679815,0.6255057,0.73513144,,,0.12348053106106817,0.122679815,0.6255057,0.73513144,,,322.0240838938962,15207936,9900,0.010195717012393286,0.00996368,0.15612468,0.18370251,,,0.64604044,0.64604044,0.16147222,,,,,,,,,,,,,,,,,,,0.63181144,0.63181144,0.15794306,,,,,,,,,,,,,,,
1.633534559643663,19.949500000012172,0.12391288103535765,0.12300953,0.6011553,0.9871892,,,0.12391288103535765,0.12300953,0.6011553,0.9871892,,,322.34307119289883,15361536,10000,0.010421841915231222,0.010161504,0.15004899,0.24668787,,,0.7948626,0.7948626,0.19867614,,,,,,,,,,,,,,,,,,,,,,,,,,,,,,,,,,,,
1.564506650847217,20.04950000001226,0.12327452590689056,0.12245127,0.5907612,0.79409754,1.4069114,,0.12327452590689056,0.12245127,0.5907612,0.79409754,1.4069114,,322.66985518750994,15515136,10100,0.010163069894188081,0.009924852,0.14746675,0.19844006,0.35168055,,0.87666357,0.87666357,0.2191165,,,,,,,,,,,,,,,,,,,,,,,,,,,,,,,,,,,,
1.4468199301250877,20.149500000012402,0.12341631734743717,0.12258745,0.5900573,0.72431874,,,0.12341631734743717,0.12258745,0.5900573,0.72431874,,,322.9973150072458,15668736,10200,0.010300667266710644,0.010058613,0.14728221,0.1809969,,,0.7818262,0.7818262,0.19542074,,,,,,,,,,,,,,,,,,,,,,,,,,,,,,,,,,,,
1.5332797059918317,20.24950000001254,0.12329528948292125,0.1224224,0.5713287,0.725958,,1.096007,0.12329528948292125,0.1224224,0.5713287,0.725958,,1.096007,323.3206108693579,15822336,10300,0.01022224335756621,0.009967793,0.1426029,0.18140563,,0.2739796,0.991594,0.991594,0.24784887,,,,,,,2.0579255,2.0579255,0.51445925,,,,,,,,,,,,,,,,,,,,,,,,,,,
1.558237450640609,20.349500000012643,0.12339758208021522,0.1224289,0.61859256,0.7327432,1.0891858,,0.12339758208021522,0.1224289,0.61859256,0.7327432,1.0891858,,323.64838232983385,15975936,10400,0.01029808309045621,0.01001768,0.15441446,0.18309568,0.27226207,,0.73577213,0.73577213,0.18390213,,,,,,,,,,,,,,,,,,,,,,,,,,,,,,,,,,,,
1.370026928533604,20.449500000012765,0.12261114669963717,0.12175451,0.6102339,0.84955347,1.2261572,0.59309185,0.12261114669963717,0.12175451,0.6102339,0.84955347,1.2261572,0.59309185,323.9739104503927,16129536,10500,0.010352630532579496,0.010106609,0.1523432,0.21230137,0.30650395,0.14825916,0.6553519,0.6553519,0.16380095,,,,,,,,,,,,,,,,,,,,,,,,,,,,,,,,,,,,
1.597625803855119,20.54950000001289,0.12261358252726502,0.121696964,0.57953256,0.8160422,,,0.12261358252726502,0.121696964,0.57953256,0.8160422,,,324.30450433500334,16283136,10600,0.010276647960999984,0.0100098085,0.14464712,0.20392027,,,0.9857403,0.9857403,0.24637352,,,,,,,,,,1.0070701,1.0070701,0.25175953,,,,,,,,,,,,,,,,,,,,,,,,
1.4933662501893792,20.64950000001302,0.1223065155930818,0.12153662,0.5802904,0.76099396,0.49426106,,0.1223065155930818,0.12153662,0.5802904,0.76099396,0.49426106,,324.62881461218416,16436736,10700,0.010196630047867075,0.009971422,0.14481449,0.190177,0.12354999,,0.8695992,0.8695992,0.21734661,,,,,,,,,,,,,,,,,,,,,,,,,,,,,,,,,,,,
1.5628869517168666,20.74950000001313,0.12341775034554302,0.12227538,0.6145156,0.8162171,,,0.12341775034554302,0.12227538,0.6145156,0.8162171,,,324.9602990345986,16590336,10800,0.010299920210964037,0.009970648,0.15340303,0.2039558,,,0.9373683,0.9373683,0.23428802,,,,,,,,,,,,,,,,,,,,,,,,,,,,,,,,,,,,
1.3456262758304853,20.84950000001328,0.12239409260451814,0.121481374,0.59992313,0.8366452,0.5526514,,0.12239409260451814,0.121481374,0.59992313,0.8366452,0.5526514,,325.2916826738426,16743936,10900,0.01022978946275542,0.00996501,0.14976293,0.2090521,0.13814697,,1.2284949,1.2284949,0.30704683,,,,,,,,,,,,,,,,,,,,,,,,,,,,,,,,,,,,
1.440222561969675,20.949500000013376,0.12277363547123975,0.12190791,0.592611,0.69481933,0.7473005,,0.12277363547123975,0.12190791,0.592611,0.69481933,0.7473005,,325.61807247717655,16897536,11000,0.010144015284604398,0.009891775,0.1479209,0.17361757,0.1867991,,0.8896699,0.8896699,0.22237602,,,,,,,,,,,,,,,,,,,,,,,,,,,,,,,,,,,,
1.3284116725053299,20.49499009902341,0.12215711309178051,0.12126671,0.6144502,0.7637708,,,0.12215711309178051,0.12126671,0.6144502,0.7637708,,,325.94541794086746,17051136,11100,0.010173514880133934,0.009915819,0.1533818,0.19086668,,,0.9215702,0.9215702,0.23034145,,,,,,,,,,,,,,,,,,,,,,,,,,,,,,,,,,,,
1.5324213217681237,20.149500000013635,0.1217328775674104,0.120864704,0.60732675,0.9028933,,,0.1217328775674104,0.120864704,0.60732675,0.9028933,,,326.27415151377056,17204736,11200,0.01024562914506534,0.009995423,0.15158519,0.2256087,,,0.9392251,0.9392251,0.23476532,,,,,,,,,,,,,,,,,,,1.246432,1.246432,0.31158644,,,,,,,,,,,,,,,
1.4953222452568846,20.249500000013764,0.12226092855446026,0.12109755,0.6437644,0.7392647,,,0.12226092855446026,0.12109755,0.6437644,0.7392647,,,326.6094752971876,17358336,11300,0.010243631097837365,0.009910424,0.16069496,0.18473303,,,1.0142959,1.0142959,0.2535066,,,,,,,,,,,,,,,,,,,1.8614916,1.8614916,0.4653456,,,,,,,,,,,,,,,
1.4301737250269342,20.34950000001386,0.12210861193947502,0.121290684,0.57170993,0.6692931,,,0.12210861193947502,0.121290684,0.57170993,0.6692931,,,326.9440265222155,17511936,11400,0.01019353259471246,0.009954166,0.14269356,0.16724658,,,0.6187426,0.6187426,0.15465136,,,,,,,,,,,,,,,,,,,0.86313295,0.86313295,0.21577138,,,,,,,,,,,,,,,
1.3519589758870763,20.449500000013998,0.12185151912271987,0.121155836,0.5914505,0.73854196,,,0.12185151912271987,0.121155836,0.5914505,0.73854196,,,327.27779079093455,17665536,11500,0.010149817963247201,0.009946974,0.14762804,0.18456145,,,0.73907024,0.73907024,0.18473364,,,,,,,,,,,,,,,,,,,,,,,,,,,,,,,,,,,,
1.486289349559506,20.549500000014117,0.12232050500810138,0.12113007,0.61708343,1.019469,1.1195984,,0.12232050500810138,0.12113007,0.61708343,1.019469,1.1195984,,327.6107032663238,17819136,11600,0.010200760983861978,0.0098576555,0.15404095,0.25474203,0.27986085,,,,,,,,,,,1.0513811,1.0513811,0.26283333,,,,,,,,,,,,,,,,,,,,,,,,,,,
1.2803023350451208,20.64950000001424,0.12065202499739835,0.11983598,0.63502204,0.73121876,1.4478706,,0.12065202499739835,0.11983598,0.63502204,0.73121876,1.4478706,,327.9444488858285,17972736,11700,0.010036287311813807,0.009802034,0.15850231,0.18272427,0.36192602,,1.0221473,1.0221473,0.25548822,,,,,,,,,,,,,,,,,,,,,,,,,,,,,,,,,,,,
1.409216480890063,20.462584158430204,0.12185768334951146,0.120854884,0.5984275,0.82532096,0.8158781,0.95629835,0.12185768334951146,0.120854884,0.5984275,0.82532096,0.8158781,0.95629835,328.27980321050904,18126336,11800,0.01024636465970814,0.009957605,0.1493765,0.20624341,0.20394817,0.23905319,0.89260393,0.89260393,0.2230928,,,,,,,,,,,,,,,,,,,,,,,,,,,,,,,,,,,,
1.4775677050958873,19.849500000014483,0.12059219942428173,0.119827814,0.5985848,0.76512754,0.5996884,,0.12059219942428173,0.119827814,0.5985848,0.76512754,0.5996884,,328.61435232928625,18279936,11900,0.009968104573199518,0.009745832,0.14941198,0.1911934,0.14990127,,,,,,,,,,,,,,,,,,,,,,,,,,,,,,,,,,,,,,,,
1.3907493275520708,19.949500000014613,0.12129317617043871,0.12052815,0.56374735,0.73000455,0.9276656,,0.12129317617043871,0.12052815,0.56374735,0.73000455,0.9276656,,328.9446081491214,18433536,12000,0.010032486659474685,0.009808946,0.14069182,0.18241224,0.23189008,,0.9256853,0.9256853,0.23136246,,,,,,,,,,0.82503307,0.82503307,0.20625024,,,,,,,,,,,,,,,,,,,,,,,,
1.4680228220898839,20.049500000014714,0.11993140152655547,0.11921811,0.6175419,0.710438,,,0.11993140152655547,0.11921811,0.6175419,0.710438,,,329.28485073055936,18587136,12100,0.009928551179473308,0.009722827,0.15412425,0.17750676,,,1.2293037,1.2293037,0.30725417,,,,,,,,,,,,,,,,,,,1.0238142,1.0238142,0.2559376,,,,,,,,,,,,,,,
1.4403999099281406,20.14950000001484,0.12086033586412678,0.12002284,0.60744005,0.59145486,0.5593349,,0.12086033586412678,0.12002284,0.60744005,0.59145486,0.5593349,,329.62550644367013,18740736,12200,0.010049414118402648,0.009807582,0.1516046,0.14779295,0.13981672,,1.4888093,1.4888093,0.37211654,,,,,,,,,,,,,,,,,,,,,,,,,,,,,,,,,,,,
1.3421467109109844,20.24950000001496,0.1202350818738342,0.119460955,0.6068858,0.81707674,,,0.1202350818738342,0.119460955,0.6068858,0.81707674,,,329.9632647749513,18894336,12300,0.010017155340756303,0.009792736,0.15147488,0.20416984,,,0.4010498,0.4010498,0.10023915,,,,,,,,,,,,,,,,,,,0.7340431,0.7340431,0.18349895,,,,,,,,,,,,,,,
1.2650477807551392,20.349500000015084,0.12035269753076144,0.11950852,0.601604,0.86797863,,1.3647602,0.12035269753076144,0.11950852,0.601604,0.86797863,,1.3647602,330.30062081751953,19047936,12400,0.01004246922559105,0.0097995885,0.15016186,0.21689363,,0.341158,0.96276474,0.96276474,0.24062787,,,,,,,,,,,,,,,,,,,,,,,,,,,,,,,,,,,,
1.358162634221696,20.44950000001522,0.12115913737565275,0.12013281,0.61028814,0.8379181,1.2500458,,0.12115913737565275,0.12013281,0.61028814,0.8379181,1.2500458,,330.6377713347258,19201536,12500,0.010048491142224525,0.009752237,0.15234944,0.2093895,0.31247592,,0.75353765,0.75353765,0.1883367,,,,,,,,,,,,,,,,,,,,,,,,,,,,,,,,,,,,
1.2670439119094612,20.549500000015353,0.1203006320912391,0.11942424,0.61512303,0.62911385,0.9231696,0.6830543,0.1203006320912391,0.11942424,0.61512303,0.62911385,0.9231696,0.6830543,330.9725015785016,19355136,12600,0.009915428687236267,0.0096616745,0.15354335,0.15720594,0.23075911,0.17074846,0.79489344,0.79489344,0.19868788,,,,,,,,,,,,,,,,,,,,,,,,,,,,,,,,,,,,
1.357896962715685,20.64950000001546,0.12033196200616651,0.11958227,0.5857262,0.6861425,,,0.12033196200616651,0.11958227,0.5857262,0.6861425,,,331.3087734165136,19508736,12700,0.009950006628641843,0.009731787,0.14619951,0.1714551,,,1.2502332,1.2502332,0.31250364,,,,,,,,,,,,,,,,,,,,,,,,,,,,,,,,,,,,
1.3989227747889936,20.749500000015562,0.12023308517411364,0.11927618,0.58586425,0.8262044,,,0.12023308517411364,0.11927618,0.58586425,0.8262044,,,331.6443944081325,19662336,12800,0.009942105764057484,0.009664865,0.146231,0.2064621,,,0.7352375,0.7352375,0.1837723,,,,,,,,,,,,,,,,,,,,,,,,,,,,,,,,,,,,
1.2254518724954675,20.294990099025597,0.11942662426851466,0.11838757,0.6114986,0.9144464,0.83322686,,0.11942662426851466,0.11838757,0.6114986,0.9144464,0.83322686,,331.9777279083233,19815936,12900,0.009879033370542878,0.009581733,0.15263225,0.22851054,0.20828538,,0.8933097,0.8933097,0.22327597,,,,,,,1.3443373,1.3443373,0.33606958,,,,,,,,,,,,,,,,,,,,,,,,,,,
1.2856381259554999,19.949500000015814,0.11993668591603648,0.119060054,0.60417396,0.7670861,,,0.11993668591603648,0.119060054,0.60417396,0.7670861,,,332.3166117668672,19969536,13000,0.009871332570328382,0.009618035,0.15080568,0.19167665,,,0.73394555,0.73394555,0.18345678,,,,,,,,,,,,,,,,1.6817319,1.6817319,0.4204235,,,,,,,,,,,,,,,,,,
1.2925414652937885,20.049500000015954,0.11942697855643919,0.11857321,0.6290358,0.5989941,,0.8233416,0.11942697855643919,0.11857321,0.6290358,0.5989941,,0.8233416,332.6533002597116,20123136,13100,0.009921107486588865,0.00967489,0.15700471,0.14968173,,0.20581695,0.98140496,0.98140496,0.24530542,,,,,,,,,,,,,,,,,,,,,,,,,,,,,,,,,,,,
1.29479584820025,20.14950000001608,0.11929442835971706,0.11832156,0.6311613,0.8773248,,0.7330871,0.11929442835971706,0.11832156,0.6311613,0.8773248,,0.7330871,332.9950948817555,20276736,13200,0.009844172630691896,0.009565617,0.15755516,0.21922942,,0.1832549,0.45973578,0.45973578,0.11490722,,,,,,,,,,,,,,,,,,,,,,,,,,,,,,,,,,,,
1.18955562179092,20.2495000000162,0.11969976642169039,0.11875258,0.5765078,0.86585224,0.6554723,0.88984394,0.11969976642169039,0.11875258,0.5765078,0.86585224,0.6554723,0.88984394,333.3372561606013,20430336,13300,0.009989255804102868,0.009713553,0.14389303,0.21636522,0.16385095,0.22244105,0.6634826,0.6634826,0.1658418,,,,,,,,,,,,,,,,,,,,,,,,,,,,,,,,,,,,
1.2695997170889008,20.349500000016306,0.11920172835700193,0.11828346,0.64444137,0.7658442,0.8738122,,0.11920172835700193,0.11828346,0.64444137,0.7658442,0.8738122,,333.6767246254641,20583936,13400,0.009915525158867247,0.009652502,0.16087472,0.19135025,0.21842846,,1.0415162,1.0415162,0.26032424,,,,,,,,,,,,,,,,,,,,,,,,,,,,,,,,,,,,
1.3780877285154118,20.449500000016435,0.11989815020933742,0.118768424,0.6160701,0.8196331,1.466637,,0.11989815020933742,0.118768424,0.6160701,0.8196331,1.466637,,334.0116941273663,20737536,13500,0.01003008567495269,0.009705519,0.15377925,0.20481393,0.36661863,,0.89183784,0.89183784,0.22290942,,,,,,,,,,,,,,,,,,,,,,,,,,,,,,,,,,,,
1.3531664532979704,20.549500000016547,0.11948927449062467,0.11870429,0.62484634,0.6749922,,0.6007942,0.11948927449062467,0.11870429,0.62484634,0.6749922,,0.6007942,334.3518419983508,20891136,13600,0.009920145225478287,0.009694886,0.15594304,0.1686727,,0.15018544,0.9319837,0.9319837,0.23294602,,,,,,,,,,,,,,,,,,,0.9911894,0.9911894,0.24778149,,,,,,,,,,,,,,,
1.3036402697953613,20.64950000001666,0.12009457646869129,0.1192218,0.5937376,0.80270934,,1.1288358,0.12009457646869129,0.1192218,0.5937376,0.80270934,,1.1288358,334.6929276935791,21044736,13700,0.009850202405941658,0.009598253,0.1482056,0.20058419,,0.28218237,0.9197326,0.9197326,0.22987883,,,,,,,,,,,,,,,,,,,,,,,,,,,,,,,,,,,,
1.186491639545131,20.749500000016802,0.11946289622224858,0.118693694,0.5821995,0.7872688,,,0.11946289622224858,0.118693694,0.5821995,0.7872688,,,335.0326691762999,21198336,13800,0.009833787669194868,0.009609396,0.14532027,0.19672021,,,0.45330262,0.45330262,0.11329697,,,,,,,,,,,,,,,,,,,,,,,,,,,,,,,,,,,,
1.3050190320120474,20.849500000016917,0.11923763911239799,0.11838691,0.58078986,0.7548779,0.79896164,1.0470058,0.11923763911239799,0.11838691,0.58078986,0.7548779,0.79896164,1.0470058,335.3741179911932,21351936,13900,0.009979361322475616,0.009733054,0.14495967,0.18864444,0.19971204,0.2617323,0.72711766,0.72711766,0.18174285,,,,,,,,,,,,,,,,,,,,,,,,,,,,,,,,,,,,
1.40930440039343,20.167039603977454,0.11837288237518007,0.117378406,0.59948105,0.84551704,,,0.11837288237518007,0.117378406,0.59948105,0.84551704,,,335.7151798339592,21505536,14000,0.00973428987510648,0.009448745,0.14964502,0.21127228,,,0.914824,0.914824,0.22865906,,,,,,,,,,,,,,,,,,,,,,,,,,,,,,,,,,,,
1.2781907276038156,20.049500000017154,0.11919177752919492,0.11817618,0.64135647,0.832796,0.7523166,0.604097,0.11919177752919492,0.11817618,0.64135647,0.832796,0.7523166,0.604097,336.0549567692398,21659136,14100,0.009903446513344513,0.009614918,0.16009408,0.20810087,0.18805683,0.15101051,1.1636182,1.1636182,0.290842,,,,,,,,,,,,,,,,,,,,,,,,,,,,,,,,,,,,
1.2423176089158825,20.14950000001729,0.11888680281117568,0.11788368,0.60196537,0.86246127,0.4983198,,0.11888680281117568,0.11788368,0.60196537,0.86246127,0.4983198,,336.392714004626,21812736,14200,0.009767425585305321,0.00947893,0.15024452,0.21551767,0.12456499,,1.2393668,1.2393668,0.30977067,,,,,,,0.7204238,0.7204238,0.18009679,,,,,,,,,,,,,,,,,,,,,,,,,,,
1.3214671228703274,20.249500000017417,0.11813560508191588,0.1172505,0.58736837,0.749027,,,0.11813560508191588,0.1172505,0.58736837,0.749027,,,336.72797735293966,21966336,14300,0.009794488220941278,0.009538286,0.14660907,0.18717314,,,1.0331962,1.0331962,0.2582438,,,,,,,,,,,,,,,,,,,,,,,,,,,,,,,,,,,,
1.3009469732710217,20.349500000017557,0.11833773885853589,0.117331974,0.6129598,0.9704347,,0.9542553,0.11833773885853589,0.117331974,0.6129598,0.9704347,,0.9542553,337.0682069102453,22119936,14400,0.009747978076338744,0.009459717,0.15299645,0.24250178,,0.23854113,,,,,,,,,,,,,,,,,,,,,,,,,,,,,,,,,,,,,,,
1.2136782598353149,19.954455445562225,0.11781446732543772,0.11695256,0.6136007,0.9527562,,1.0732057,0.11781446732543772,0.11695256,0.6136007,0.9527562,,1.0732057,337.4059453303638,22273536,14500,0.009747354173110703,0.0095009,0.15315326,0.23807953,,0.26827812,,,,,,,,,,,,,,,,,,,,,,,,,,,,,,,,,,,,,,,
1.321145272133158,19.549500000017783,0.11848270656540999,0.1176668,0.59836453,0.81724656,,,0.11848270656540999,0.1176668,0.59836453,0.81724656,,,337.74498337978997,22427136,14600,0.009712739218957718,0.009476971,0.14936328,0.20422743,,,1.137517,1.137517,0.28431615,,,,,,,,,,,,,,,,,,,,,,,,,,,,,,,,,,,,
1.3227428521671234,19.649500000017905,0.11778919498436141,0.11700186,0.6015246,0.77316564,0.8062913,,0.11778919498436141,0.11700186,0.6015246,0.77316564,0.8062913,,338.0848246119513,22580736,14700,0.009745362838148119,0.009518251,0.15013112,0.19319837,0.20154989,,0.57649964,0.57649964,0.1440852,,,,,,,,,,,,,,,,,,,,,,,,,,,,,,,,,,,,
1.182686300606441,19.74950000001803,0.11840536888688794,0.11744242,0.57644266,0.8291773,,,0.11840536888688794,0.11744242,0.57644266,0.8291773,,,338.4244153879447,22734336,14800,0.009765215457300656,0.009485742,0.14388359,0.20718467,,,0.91060734,0.91060734,0.22760244,,,,,,,,,,,,,,,,,,,,,,,,,,,,,,,,,,,,
1.173235507498734,19.849500000018146,0.118128356775269,0.11731546,0.55023575,0.8973335,,,0.118128356775269,0.11731546,0.55023575,0.8973335,,,338.76256354901875,22887936,14900,0.009798141138744566,0.0095622195,0.13733077,0.22422467,,,0.86122555,0.86122555,0.21526052,,,,,,,,,,,,,,,,,,,,,,,,,,,,,,,,,,,,
1.1761340063018726,19.949500000018283,0.11778547125868512,0.116911426,0.58176607,0.91963047,,,0.11778547125868512,0.116911426,0.58176607,0.91963047,,,339.104249874926,23041536,15000,0.009778753276914362,0.0095259985,0.14522114,0.229791,,,0.6853918,0.6853918,0.17130539,,,,,,,,,,,,,,,,,,,,,,,,,,,,,,,,,,,,
1.1567738464757413,20.049500000018405,0.11745573588646956,0.11649088,0.60613644,0.7746365,0.64936423,,0.11745573588646956,0.11649088,0.60613644,0.7746365,0.64936423,,339.4428008910447,23195136,15100,0.009729199907160403,0.009451134,0.151296,0.1935679,0.16232002,,,,,,,,,,,,,,,,,,,,,,,,,,,,,,,,,,,,,,,,
1.2463381970463003,20.149500000018524,0.11727929005399362,0.11627724,0.6515674,0.8836603,1.0575382,,0.11727929005399362,0.11627724,0.6515674,0.8836603,1.0575382,,339.78013078745244,23348736,15200,0.009613857436343092,0.009328981,0.16265811,0.22080395,0.26435223,,,,,,,,,,,,,,,,,,,,,,,,,,,,,,,,,,,,,,,,
1.2959854907494008,20.249500000018635,0.11761629975400868,0.11668215,0.5804557,0.907749,,,0.11761629975400868,0.11668215,0.5804557,0.907749,,,340.1158429100855,23502336,15300,0.009582376396865556,0.009312034,0.14487164,0.22685936,,,0.8695423,0.8695423,0.21734911,,,,,,,,,,,,,,,,,,,0.687693,0.687693,0.17191222,,,,,,,,,,,,,,,
1.2012144989141174,20.349500000018747,0.11717498366720965,0.11628085,0.61469364,0.70903,,,0.11717498366720965,0.11628085,0.61469364,0.70903,,,340.45142586089037,23655936,15400,0.009643108546151804,0.009386202,0.15341583,0.17717212,,,0.56648034,0.56648034,0.14158803,,,,,,,1.8215832,1.8215832,0.45537633,,,,,,,,,,,,,,,,,,,,,,,,,,,
1.263048955813692,20.449500000018883,0.11629792121238999,0.11556831,0.57611585,0.7968471,,,0.11629792121238999,0.11556831,0.57611585,0.7968471,,,340.78860672666394,23809536,15500,0.009529795782873404,0.009318945,0.14380226,0.19912627,,,1.3689773,1.3689773,0.3421874,,,,,,,0.69136405,0.69136405,0.17283362,,,,,,,,,,0.721961,0.721961,0.1804795,,,,,,,,,,,,,,,
1.242073658732703,20.54950000001902,0.11676080307923253,0.11584212,0.61110914,0.7286606,,0.579039,0.11676080307923253,0.11584212,0.61110914,0.7286606,,0.579039,341.12552442274523,23963136,15600,0.009623429729253992,0.009359917,0.15252979,0.18207827,,0.14474925,1.4343798,1.4343798,0.35850614,,,,,,,,,,,,,,,,,,,,,,,,,,,,,,,,,,,,
1.0729414759849898,20.64950000001912,0.11677387059666214,0.11592151,0.57381535,0.8457203,0.57081926,0.47428125,0.11677387059666214,0.11592151,0.57381535,0.8457203,0.57081926,0.47428125,341.46171429972753,24116736,15700,0.009401779411709863,0.009155864,0.14322525,0.21134458,0.14268458,0.11855956,1.2315412,1.2315412,0.30782223,,,,,,,0.8911177,0.8911177,0.22276908,,,,,,,,,,1.105706,1.105706,0.27640867,,,,,,,,,,,,,,,
1.2175404339613576,20.74950000001925,0.11632215681485837,0.11559838,0.588394,0.64741826,,0.79210424,0.11632215681485837,0.11559838,0.588394,0.64741826,,0.79210424,341.7966702189515,24270336,15800,0.009489967044210068,0.009280033,0.14686427,0.16178325,,0.19800887,1.3092088,1.3092088,0.32722914,,,,,,,,,,,,,,,,,,,,,,,,,,,,,,,,,,,,
1.1431140708433116,20.83017821784114,0.11682150825526161,0.11584542,0.60043466,0.77598035,0.9526373,,0.11682150825526161,0.11584542,0.60043466,0.77598035,0.9526373,,342.1347615358062,24423936,15900,0.009597653823923141,0.00931632,0.14988375,0.1939055,0.23813239,,0.89615613,0.89615613,0.22398384,,,,,,,,,,,,,,,,,,,,,,,,,,,,,,,,,,,,
1.3008943768253667,19.949500000019498,0.11605073227547104,0.11521197,0.60427785,0.7613709,,,0.11605073227547104,0.11521197,0.60427785,0.7613709,,,342.47032740765957,24577536,16000,0.009519946447107946,0.009279386,0.1508357,0.19025218,,,1.1341966,1.1341966,0.28349262,,,,,,,,,,,,,,,,,,,,,,,,,,,,,,,,,,,,
1.3111176450892112,20.049500000019616,0.1171746222767978,0.116366915,0.61391205,0.8390308,0.8616495,,0.1171746222767978,0.116366915,0.61391205,0.8390308,0.8616495,,342.80507173071504,24731136,16100,0.009553261433611605,0.009320917,0.15324502,0.20966156,0.21538393,,0.8481975,0.8481975,0.21200046,,,,,,,,,,,,,,,,,,,,,,,,,,,,,,,,,,,,
1.2451433683787756,20.14950000001972,0.11544852416962392,0.11449739,0.59051615,0.85190094,1.0345759,,0.11544852416962392,0.11449739,0.59051615,0.85190094,1.0345759,,343.1408167613111,24884736,16200,0.009593728159670717,0.0093209185,0.14739734,0.21288712,0.25861228,,1.045717,1.045717,0.2613582,,,,,,,,,,,,,,,,,,,,,,,,,,,,,,,,,,,,
1.1327272375066304,20.249500000019864,0.11635521504096677,0.115282945,0.6169117,0.85299325,,,0.11635521504096677,0.115282945,0.6169117,0.85299325,,,343.479779606994,25038336,16300,0.00955705130880232,0.0092501305,0.1539935,0.21313167,,,1.0294663,1.0294663,0.2573102,,,,,,,,,,,,,,,,,,,1.6413019,1.6413019,0.41030192,,,,,,,,,,,,,,,
1.298966310474614,20.34950000001996,0.11620569093152885,0.11540876,0.5877322,0.67131156,,1.260441,0.11620569093152885,0.11540876,0.5877322,0.67131156,,1.260441,343.81974678253584,25191936,16400,0.009564095422974771,0.009334401,0.14669846,0.16774476,,0.31508332,0.8300025,0.8300025,0.20745222,,,,,,,,,,,,,,,,,,,1.0477575,1.0477575,0.26192427,,,,,,,,,,,,,,,
1.1422099820980203,20.449500000020098,0.11618013183586309,0.115520984,0.5623687,0.93040466,,,0.11618013183586309,0.115520984,0.5623687,0.93040466,,,344.1569286191313,25345536,16500,0.009519598531769579,0.009327822,0.140357,0.23249844,,,0.7762601,0.7762601,0.19401503,,,,,,,,,,,,,,,,,,,,,,,,,,,,,,,,,,,,
1.1494608116646563,20.549500000020238,0.11584979862906035,0.1148153,0.5595615,0.66072214,1.1719306,,0.11584979862906035,0.1148153,0.5595615,0.66072214,1.1719306,,344.4942967517247,25499136,16600,0.00947649356559851,0.009174886,0.13966784,0.16510475,0.29294994,,,,,,,,,,,,,,,,,,,,,,,1.0188427,1.0188427,0.25469705,,,,,,,,,,,,,,,
1.2218458964936112,20.64950000002034,0.11563035313971357,0.11458838,0.63248193,0.81787926,1.7322016,0.96803874,0.11563035313971357,0.11458838,0.63248193,0.81787926,1.7322016,0.96803874,344.8321912048615,25652736,16700,0.009498967308318233,0.009202505,0.15787517,0.20438048,0.43299755,0.24198827,0.71977663,0.71977663,0.17990287,,,,,,,,,,,,,,,,,,,,,,,,,,,,,,,,,,,,
1.166461218749498,20.74950000002048,0.11531208281405284,0.114407584,0.5796231,0.7725406,,1.7562718,0.11531208281405284,0.114407584,0.5796231,0.7725406,,1.7562718,345.1672894851816,25806336,16800,0.009535651564947342,0.009276078,0.14467327,0.19303326,,0.43902588,1.3555152,1.3555152,0.33881426,,,,,,,,,,,,,,,,0.67339987,0.67339987,0.16834635,,,,,,,,,,,,,,,,,,
1.1873367382146909,20.612138613882003,0.11525434474138053,0.114239424,0.62745416,0.797809,,,0.11525434474138053,0.114239424,0.62745416,0.797809,,,345.50187230684526,25959936,16900,0.009505610695768088,0.0092150485,0.1566243,0.19937485,,,0.7043647,0.7043647,0.1760473,,,,,,,,,,,,,,,,,,,0.92570865,0.92570865,0.2314111,,,,,,,,,,,,,,,
1.235210449101327,19.949500000020706,0.11533844901248827,0.11428464,0.6114837,0.8423119,,,0.11533844901248827,0.11428464,0.6114837,0.8423119,,,345.8355373067204,26113536,17000,0.009521311036078263,0.009219527,0.15264443,0.21046853,,,0.6453602,0.6453602,0.16129982,,,,,,,,,,,,,,,,,,,,,,,,,,,,,,,,,,,,
1.230188908693461,20.04950000002085,0.11587123201228672,0.11469294,0.65975106,0.8139799,,0.6609422,0.11587123201228672,0.11469294,0.65975106,0.8139799,,0.6609422,346.16980232661336,26267136,17100,0.009579673942644145,0.009244925,0.16467613,0.2033942,,0.16522267,0.5933392,0.5933392,0.14830416,,,,,,,,,,,,,,,,,,,,,,,,,,,,,,,,,,,,
1.0500005538976573,20.149500000020968,0.11495223865844313,0.1140025,0.5746196,0.9616546,1.562085,,0.11495223865844313,0.1140025,0.5746196,0.9616546,1.562085,,346.5045414358828,26420736,17200,0.00944943233393133,0.009176871,0.14341615,0.24029945,0.390481,,1.018576,1.018576,0.25459006,,,,,,,,,,,,,,,,,,,,,,,,,,,,,,,,,,,,
1.1627863516666719,20.249500000021094,0.11466242376714941,0.1139918,0.5432132,0.67389894,0.9893432,,0.11466242376714941,0.1139918,0.5432132,0.67389894,0.9893432,,346.842328553063,26574336,17300,0.009458598631026681,0.009262793,0.13557181,0.1684,0.2473063,,0.65606046,0.65606046,0.16397214,,,,,,,,,,,,,,,,,,,,,,,,,,,,,,,,,,,,
1.1836666596719594,20.3495000000212,0.11457182015292355,0.11368124,0.57663673,0.8204184,,,0.11457182015292355,0.11368124,0.57663673,0.8204184,,,347.177597812388,26727936,17400,0.00938771445362362,0.009131736,0.14393316,0.20501368,,,0.9004968,0.9004968,0.22507215,,,,,,,,,,,,,,,,,,,0.93196285,0.93196285,0.23297565,,,,,,,,,,,,,,,
1.2017614558909546,20.449500000021327,0.11463502461090688,0.11358034,0.61370313,0.7378399,0.87592244,,0.11463502461090688,0.11358034,0.61370313,0.7378399,0.87592244,,347.51284786586046,26881536,17500,0.009356249900301952,0.009054389,0.15319178,0.18438049,0.21895802,,0.92624086,0.92624086,0.23150149,,,,,,,,,,,,,,,,,,,,,,,,,,,,,,,,,,,,
1.1916052633742191,20.549500000021453,0.11498232143931086,0.11401375,0.6164774,0.7124527,1.8916454,,0.11498232143931086,0.11401375,0.6164774,0.7124527,1.8916454,,347.8461866062979,27035136,17600,0.009453936259378687,0.009176509,0.15388705,0.17802009,0.47284672,,0.77976656,0.77976656,0.19489932,,,,,,,,,,,,,,,,,,,,,,,,,,,,,,,,,,,,
1.1539884461024914,20.649500000021575,0.11439470029436054,0.11345775,0.6022103,0.80651456,,,0.11439470029436054,0.11345775,0.6022103,0.80651456,,,348.1793576683352,27188736,17700,0.00936952303571159,0.0090996055,0.15032715,0.20153598,,,0.72942126,0.72942126,0.182309,,,,,,,,,,,,,,,,,,,,,,,,,,,,,,,,,,,,
1.1191080142210752,20.749500000021687,0.1141499298252166,0.11323405,0.6024817,0.94051373,0.84937596,,0.1141499298252166,0.11323405,0.6024817,0.94051373,0.84937596,,348.510992302632,27342336,17800,0.009410064478870472,0.0091477595,0.1503803,0.23502226,0.21231346,,1.0993536,1.0993536,0.2747759,,,,,,,,,,,,,,,,,,,,,,,,,,,,,,,,,,,,
1.0358330481693778,20.849500000021816,0.11370131352916353,0.11271536,0.5997157,0.8075489,,,0.11370131352916353,0.11271536,0.5997157,0.8075489,,,348.84276671963624,27495936,17900,0.00934226795623545,0.009059074,0.14969364,0.20179282,,,0.91643584,0.91643584,0.22906664,,,,,,,,,,,,,,,,,,,,,,,,,,,,,,,,,,,,
1.1570031809068502,20.949500000021953,0.11386864875443281,0.1130051,0.5836825,0.68965787,0.67532295,,0.11386864875443281,0.1130051,0.5836825,0.68965787,0.67532295,,349.179445269683,27649536,18000,0.009367661761352807,0.00911867,0.14568835,0.17233567,0.16880542,,1.0251384,1.0251384,0.25622573,,,,,,,,,,,,,,,,,,,,,,,,,,,,,,,,,,,,
1.241156396794326,20.18775247526959,0.11282952127074547,0.11204387,0.5619251,1.0305823,,,0.11282952127074547,0.11204387,0.5619251,1.0305823,,,349.5145234912039,27803136,18100,0.009214795223381918,0.00898921,0.14026938,0.2575143,,,0.6897495,0.6897495,0.17239447,,,,,,,,,,1.2169849,1.2169849,0.30423617,,,,,,,,,,,,,,,,,,,,,,,,
1.2734382264880197,20.149500000022172,0.11386781982146191,0.11299667,0.5932995,0.82517374,,1.2054744,0.11386781982146191,0.11299667,0.5932995,0.82517374,,1.2054744,349.84755903946217,27956736,18200,0.009219644987606457,0.00896979,0.14809759,0.20619383,,0.3013429,0.744301,0.744301,0.18604186,,,,,,,,,,,,,,,,,,,,,,,,,,,,,,,,,,,,
1.119870354557953,20.249500000022305,0.1137758321873844,0.112880476,0.62413925,0.7086034,1.3128284,,0.1137758321873844,0.112880476,0.62413925,0.7086034,1.3128284,,350.1815355470163,28110336,18300,0.009295458529377357,0.009039281,0.15580381,0.17706676,0.32816285,,,,,,,,,,,,,,,,,,,,,,,,,,,,,,,,,,,,,,,,
1.096293726449671,20.34950000002243,0.11340081138536327,0.112384565,0.55853635,0.9289206,,,0.11340081138536327,0.112384565,0.55853635,0.9289206,,,350.5159734511618,28263936,18400,0.00936471580294893,0.009074122,0.1393968,0.23211822,,,0.9518689,0.9518689,0.23791607,,,,,,,,,,,,,,,,,,,,,,,,,,,,,,,,,,,,
1.1138919488546308,20.449500000022567,0.11343100127764043,0.112621866,0.5681097,0.9664144,,,0.11343100127764043,0.112621866,0.5681097,0.9664144,,,350.8501896137939,28417536,18500,0.009236716839368463,0.009004483,0.14179991,0.24148786,,,0.7182035,0.7182035,0.17951387,,,,,,,,,,,,,,,,,,,,,,,,,,,,,,,,,,,,
1.1225717244543836,20.54950000002267,0.11395751375704995,0.11296271,0.57448107,0.7831741,,0.9913479,0.11395751375704995,0.11296271,0.57448107,0.7831741,,0.9913479,351.1804098676879,28571136,18600,0.00924726163910237,0.008961111,0.14339662,0.19570768,,0.2478172,0.9831324,0.9831324,0.2457321,,,,,,,,,,,,,,,,,,,,,,,,,,,,,,,,,,,,
1.2648571481477828,20.649500000022794,0.11393096880055967,0.113010116,0.6071252,0.78174657,0.6601028,,0.11393096880055967,0.113010116,0.6071252,0.78174657,0.6601028,,351.51200167699943,28724736,18700,0.009276232554693705,0.009012164,0.1515281,0.19534925,0.16500196,,0.64579225,0.64579225,0.1614152,,,,,,,,,,,,,,,,,,,,,,,,,,,,,,,,,,,,
1.1298204333339577,20.749500000022913,0.11293281775899225,0.11183882,0.61517465,0.789895,0.5192761,,0.11293281775899225,0.11183882,0.61517465,0.789895,0.5192761,,351.8417564287485,28878336,18800,0.009255376558867306,0.008944861,0.15356624,0.19737953,0.12980525,,1.1843998,1.1843998,0.29603243,0.5786476,0.5786476,0.14465752,,,,,,,2.1176596,2.1176596,0.5293964,,,,,,,,,,,,,,,,,,,,,,,,
1.0573060654076356,20.84950000002303,0.11319233641959736,0.11239549,0.60281795,0.6971202,,,0.11319233641959736,0.11239549,0.60281795,0.6971202,,,352.17057680321324,29031936,18900,0.009223452199948936,0.008994035,0.15045957,0.17419825,,,0.75402915,0.75402915,0.1884659,,,,,,,,,,,,,,,,,,,,,,,,,,,,,,,,,,,,
1.178430004796579,20.949500000023157,0.11284959153272218,0.11181258,0.6088956,0.718377,,0.3559181,0.11284959153272218,0.11181258,0.6088956,0.718377,,0.3559181,352.50234220138407,29185536,19000,0.009226257929694842,0.008929613,0.15198702,0.17950705,,0.0889711,1.2235023,1.2235023,0.3057953,,,,,,,,,,,,,,,,,,,,,,0.81500715,0.81500715,0.20374946,,,,,,,,,,,,
1.1992153318042913,20.7328514851718,0.11308866280066505,0.11225883,0.6158161,0.7164738,,1.195711,0.11308866280066505,0.11225883,0.6158161,0.7164738,,1.195711,352.83392464675507,29339136,19100,0.009277997049733564,0.009040922,0.15371667,0.17903945,,0.2989055,0.8194461,0.8194461,0.20482795,,,,,,,,,,,,,,,,,,,,,,,,,,,,,,,,,,,,
1.0515278716309167,20.1495000000234,0.11248521574772903,0.11172262,0.5956413,0.90243083,,,0.11248521574772903,0.11172262,0.5956413,0.90243083,,,353.1665685445903,29492736,19200,0.009173580621136336,0.008954961,0.14866608,0.22550033,,,0.54441607,0.54441607,0.13607267,,,,,,,,,,,,,,,,,,,,,,,,,,,,,,,,,,,,
1.1628076058643892,20.2495000000235,0.11255756453610936,0.111551136,0.6286691,0.7719809,0.5617397,0.8678731,0.11255756453610936,0.111551136,0.6286691,0.7719809,0.5617397,0.8678731,353.4976101006354,29646336,19300,0.009099130603135568,0.008812128,0.15693508,0.19290844,0.14041653,0.21695097,0.8395113,0.8395113,0.20982146,,,,,,,,,,,,,,,,,,,,,,,,,,,,,,,,,,,,
1.1034881007006447,20.349500000023628,0.11185493771918113,0.11095704,0.57899654,1.0746241,0.88636816,,0.11185493771918113,0.11095704,0.57899654,1.0746241,0.88636816,,353.82581903359517,29799936,19400,0.009234924343181756,0.008977964,0.14453033,0.26854363,0.22156481,,0.96614134,0.96614134,0.2414782,,,,,,,,,,,,,,,,,,,,,,,,,,,,,,,,,,,,
1.0425181617363641,20.44950000002377,0.11244698451831937,0.11141683,0.64580697,0.7175448,,,0.11244698451831937,0.11141683,0.64580697,0.7175448,,,354.15574441235117,29953536,19500,0.009111807725275853,0.008818552,0.16121623,0.17930895,,,0.7103266,0.7103266,0.17754048,,,,,,,,,,,,,,,,,,,,,,,,,,,,,,,,,,,,
1.1496017253045916,20.549500000023894,0.11229990219697356,0.111423574,0.61319226,0.6837954,,,0.11229990219697356,0.111423574,0.61319226,0.6837954,,,354.4838958309578,30107136,19600,0.009072971299756325,0.008821576,0.15306102,0.17087294,,,,,,,,,,,,,,,,,,,,,,,,,,,,,,,,,,,,,,,,,
1.0758789727411424,20.649500000023995,0.11117007868364448,0.11018808,0.57429445,0.71067965,,,0.11117007868364448,0.11018808,0.57429445,0.71067965,,,354.81045854817114,30260736,19700,0.00901472600526176,0.008732436,0.14335214,0.17757444,,,1.0504304,1.0504304,0.2625464,,,,,,,,,,,,,,,,,,,,,,,,,,,,,,,,,,,,
1.0056856054867165,20.749500000024153,0.11189930235967031,0.11107871,0.60052097,0.8695663,0.5072353,,0.11189930235967031,0.11107871,0.60052097,0.8695663,0.5072353,,355.1418239443853,30414336,19800,0.009073078047949816,0.008838338,0.14989668,0.2172907,0.12679324,,0.74201405,0.74201405,0.18546529,,,,,,,,,,,,,,,,,,,,,,,,,,,,,,,,,,,,
1.0869564100637237,20.513029702994565,0.1115846824140686,0.110697865,0.6201765,0.7659788,0.6743212,,0.1115846824140686,0.110697865,0.6201765,0.7659788,0.6743212,,355.47116902606365,30567936,19900,0.009094197059276117,0.008841481,0.15481108,0.19140705,0.16855597,,0.8840593,0.8840593,0.22096887,,,,,,,,,,,,,,,,,,,,,,,,,,,,,,,,,,,,
0.9799578522813867,19.949500000024386,0.11214709439314889,0.11124766,0.6038818,0.8007831,,0.8833822,0.11214709439314889,0.11124766,0.6038818,0.8007831,,0.8833822,355.803320082562,30721536,20000,0.009096511901589084,0.00884054,0.15074253,0.20010628,,0.22082481,1.0187236,1.0187236,0.25462207,,,,,,,,,,,,,,,,,,,,,,,,,,,,,,,,,,,,
1.095194477487095,20.049500000024498,0.11203872985206563,0.11095033,0.58947355,0.7350967,1.6271963,,0.11203872985206563,0.11095033,0.58947355,0.7350967,1.6271963,,356.13294351973036,30875136,20100,0.009112731863860976,0.008801079,0.14713176,0.18368424,0.4067456,,0.7806522,0.7806522,0.19512084,,,,,,,,,,,,,,,,,,,,,,,,,,,,,,,,,,,,
1.1143383167407082,20.149500000024634,0.11148348607122896,0.11054645,0.580495,0.8763588,1.2604197,,0.11148348607122896,0.11054645,0.580495,0.8763588,1.2604197,,356.46207267422335,31028736,20200,0.009095200567389834,0.008827817,0.14489904,0.21899277,0.3150608,,0.7476225,0.7476225,0.18686736,,,,,,,,,,,,,,,,,,,0.8970884,0.8970884,0.22425663,,,,,,,,,,,,,,,
1.127794798534463,20.249500000024756,0.11149706974625584,0.110486075,0.63577205,0.88058174,1.0245247,0.7646413,0.11149706974625584,0.110486075,0.63577205,0.88058174,1.0245247,0.7646413,356.7905555301982,31182336,20300,0.009115949559491136,0.008830076,0.15868361,0.22005193,0.25610355,0.19114268,0.6037258,0.6037258,0.1508899,,,,,,,1.362039,1.362039,0.34049284,,,,,,,,,,0.5992018,0.5992018,0.14979237,,,,,,,,,,,,,,,
0.9789696538810211,20.34950000002485,0.11132566340267659,0.11029719,0.6411571,0.8726461,,,0.11132566340267659,0.11029719,0.6411571,0.8726461,,,357.11831772485533,31335936,20400,0.008938594126957475,0.008647489,0.16004255,0.21807355,,,0.8836094,0.8836094,0.22084834,,,,,,,,,,,,,,,,,,,,,,,,,,,,,,,,,,,,
1.0876412250765473,20.44950000002501,0.11020128230564297,0.10942817,0.5919548,0.81755024,0.84295654,,0.11020128230564297,0.10942817,0.5919548,0.81755024,0.84295654,,357.44298301290485,31489536,20500,0.008963122503482761,0.008742127,0.14776105,0.20429435,0.2107116,,0.55730784,0.55730784,0.13929677,,,,,,,,,,,,,,,,,,,,,,,,,,,,,,,,,,,,
1.0686693265596128,20.549500000025134,0.11099249707534911,0.11014643,0.6053637,0.77047634,,0.9580921,0.11099249707534911,0.11014643,0.6053637,0.77047634,,0.9580921,357.76914080232564,31643136,20600,0.009004215713939633,0.008762727,0.15110691,0.19253433,,0.23950534,0.8516674,0.8516674,0.21286564,,,,,,,,,,,,,,,,,,,,,,,,,,,,,,,,,,,,
1.2152422280695814,20.649500000025245,0.1112673281878233,0.11029341,0.59884316,0.71578074,1.0084704,,0.1112673281878233,0.11029341,0.59884316,0.71578074,1.0084704,,358.09701716830597,31796736,20700,0.009033741437015108,0.008754581,0.14947075,0.17886956,0.2520791,,0.7372879,0.7372879,0.18427989,,,,,,,,,,,,,,,,,,,,,,,,,,,,,,,,,,,,
1.164161021325325,20.749500000025375,0.11095927803777164,0.10998459,0.5979311,0.62767756,,1.0212007,0.11095927803777164,0.10998459,0.5979311,0.62767756,,1.0212007,358.42264599960106,31950336,20800,0.008976610158570117,0.008697413,0.14923276,0.15684216,,0.2552796,0.97712433,0.97712433,0.24422967,,,,,,,,,,,,,,,,,,,,,,,,,,,,,,,,,,,,
1.0201090677880937,20.849500000025497,0.11079991351813058,0.10985486,0.6187681,0.6951687,,,0.11079991351813058,0.10985486,0.6187681,0.6951687,,,358.7465400007314,32103936,20900,0.00900550363818184,0.008735421,0.1544556,0.17370753,,,,,,,,,,,,,,,,,,,,,,,,,,,,,,,,,,,,,,,,,
1.1709029222589253,19.978732673292942,0.11082307906766053,0.109848246,0.5824659,0.6900348,,,0.11082307906766053,0.109848246,0.5824659,0.6900348,,,359.0726018559121,32257536,21000,0.009066408415933593,0.00878707,0.14538828,0.17243527,,,1.014452,1.014452,0.2535565,,,,,,,,,,,,,,,,,,,,,,,,,,,,,,,,,,,,
1.1314277711811103,20.04950000002572,0.10987476408481607,0.109006576,0.6469339,0.89843506,,,0.10987476408481607,0.109006576,0.6469339,0.89843506,,,359.3978781377946,32411136,21100,0.00887252800457648,0.008627679,0.16150202,0.22448683,,,0.5881778,0.5881778,0.14700519,,,,,,,,,,,,,,,,,,,,,,,,,,,,,,,,,,,,
1.0160661211597373,20.14950000002586,0.10978403616696597,0.10887192,0.6425098,0.6892565,,,0.10978403616696597,0.10887192,0.6425098,0.6892565,,,359.7239239536134,32564736,21200,0.008938071082811805,0.00867912,0.16040237,0.17223336,,,0.79560214,0.79560214,0.19886044,,,,,,,,,,,,,,,,,,,,,,,,,,,,,,,,,,,,
1.2340078539629513,20.24950000002599,0.11047465272247792,0.10943135,0.5881241,0.94777304,,,0.11047465272247792,0.10943135,0.5881241,0.94777304,,,360.04746310724425,32718336,21300,0.009023061521875202,0.008726008,0.1467895,0.23683907,,,,,,0.94812095,0.94812095,0.23702335,,,,,,,,,,,,,,,,,,,,,,,,,,,,,,,,,
1.1113723311098893,20.34950000002609,0.10994003337807949,0.108959906,0.6030083,0.79385114,,,0.10994003337807949,0.108959906,0.6030083,0.79385114,,,360.3696592007675,32871936,21400,0.008919779127463695,0.008639786,0.15051714,0.19838335,,,1.3608631,1.3608631,0.3401531,,,,,,,,,,,,,,,,,,,,,,,,,,,,,,,,,,,,
1.1033344328640533,20.449500000026216,0.11019250680692477,0.10926038,0.61425555,0.7415919,0.6860033,,0.11019250680692477,0.10926038,0.61425555,0.7415919,0.6860033,,360.6930093595366,33025536,21500,0.008938605829025609,0.008673145,0.1533175,0.18532039,0.17147408,,0.8585891,0.8585891,0.21460855,0.9304228,0.9304228,0.23259863,,,,,,,,,,,,,,,,,,,,,,,,,,,,,,,,,
0.9758836674360608,20.549500000026356,0.10965168711729352,0.10885123,0.5932545,0.7602899,0.26833552,,0.10965168711729352,0.10885123,0.5932545,0.7602899,0.26833552,,361.01693175200757,33179136,21600,0.008915269705466942,0.008686015,0.14807545,0.18998466,0.06707715,,0.8279448,0.8279448,0.20693772,,,,,,,,,,,,,,,,,,,0.7633635,0.7633635,0.19083047,,,,,,,,,,,,,,,
1.1548869136976143,20.649500000026453,0.1095109748002141,0.10882623,0.58211887,0.653231,,,0.1095109748002141,0.10882623,0.58211887,0.653231,,,361.33971913186645,33332736,21700,0.008836402617162077,0.008639394,0.14530557,0.16323857,,,0.69299626,0.69299626,0.17321917,,,,,,,,,,,,,,,,,,,,,,,,,,,,,,,,,,,,
1.128636497357195,20.749500000026586,0.10966186536476007,0.10873831,0.59850913,0.8111802,0.73778653,1.771491,0.10966186536476007,0.10873831,0.59850913,0.8111802,0.73778653,1.771491,361.66347841738343,33486336,21800,0.008947612870833831,0.008685916,0.14938664,0.20270413,0.18442537,0.44283277,0.78060746,0.78060746,0.19510713,0.98281753,0.98281753,0.2456975,,,,,,,,,,,,,1.1913519,1.1913519,0.29783136,,,,,,,,,,,,,,,,,,
1.0883045563455434,20.8495000000267,0.10963786211796096,0.10859141,0.6300114,0.6291886,,,0.10963786211796096,0.10859141,0.6300114,0.6291886,,,361.9862377270937,33639936,21900,0.008890018760575918,0.008591732,0.1572548,0.15723206,,,0.46839327,0.46839327,0.117079616,,,,,,,,,,,,,,,,,,,,,,,,,,,,,,,,,,,,
1.0750829316838773,20.949500000026834,0.10913491801358774,0.10821743,0.62856925,0.9036531,1.0913709,,0.10913491801358774,0.10821743,0.62856925,0.9036531,1.0913709,,362.30510692458085,33793536,22000,0.008781548248371096,0.008521245,0.15690011,0.2258098,0.27281377,,0.6808698,0.6808698,0.17017356,,,,,,,,,,,,,,,,,,,,,,,,,,,,,,,,,,,,
0.9915223165558313,20.81213861388834,0.10969644051856632,0.10866445,0.60853314,0.6861789,,0.65026164,0.10969644051856632,0.10866445,0.60853314,0.6861789,,0.65026164,362.62343572063014,33947136,22100,0.008853202224663001,0.008557733,0.15189843,0.17146869,,0.16255018,,,,,,,,,,,,,,,,,,,,,,,,,,,,,,,,,,,,,,,
1.0441904970597693,20.149500000027075,0.10926575794816015,0.10838309,0.60486907,0.83941025,1.0083452,,0.10926575794816015,0.10838309,0.60486907,0.83941025,1.0083452,,362.9413271388676,34100736,22200,0.008767110343906094,0.008516198,0.15099142,0.2097477,0.25205776,,1.4088253,1.4088253,0.35213265,,,,,,,,,,,,,,,,,,,,,,,,,,,,,,,,,,,,
1.0749942600061788,20.249500000027197,0.10853676798753446,0.107578054,0.5870415,0.89556134,,0.6454259,0.10853676798753446,0.107578054,0.5870415,0.89556134,,0.6454259,363.25962972384366,34254336,22300,0.008792205229401584,0.008520188,0.14652775,0.22379495,,0.16134454,1.7462313,1.7462313,0.4364702,,,,,,,,,,,,,,,,,,,,,,,,,,,,,,,,,,,,
1.2107002581815622,20.349500000027316,0.10847841959446662,0.10761194,0.6074016,0.73319566,0.69475985,,0.10847841959446662,0.10761194,0.6074016,0.73319566,0.69475985,,363.58019811809163,34407936,22400,0.00879908422997687,0.008553041,0.15164028,0.18322116,0.17366648,,0.9516542,0.9516542,0.23785618,,,,,,,,,,,,,,,,,,,,,,,,,,,,,,,,,,,,
1.0621356081699067,20.449500000027438,0.10795306527987138,0.10718517,0.5791848,0.7428372,,,0.10795306527987138,0.10718517,0.5791848,0.7428372,,,363.90101251568535,34561536,22500,0.008712539852131133,0.0084927995,0.14456497,0.185643,,,0.70880926,0.70880926,0.17716475,,,,,,,,,,,,,,,,,,,,,,,,,,,,,,,,,,,,
1.0689923453664538,20.549500000027564,0.10829327267594636,0.10719684,0.6208675,0.8479802,1.6884248,1.1506467,0.10829327267594636,0.10719684,0.6208675,0.8479802,1.6884248,1.1506467,364.22251629640294,34715136,22600,0.008782156542292799,0.008472665,0.15497078,0.21189885,0.42205986,0.28763804,0.6839696,0.6839696,0.1709592,,,,,,,,,,,,,,,,1.3054178,1.3054178,0.32634696,,,,,,,,,,,,,,,,,,
1.1720758664737216,20.64950000002769,0.10866686622612201,0.10779839,0.5952896,0.81413895,0.60938734,,0.10866686622612201,0.10779839,0.5952896,0.81413895,0.60938734,,364.5395929368483,34868736,22700,0.0086951247556135,0.00844824,0.14858809,0.20344886,0.15232448,,1.089201,1.089201,0.2722336,,,,,,,1.2669463,1.2669463,0.31672198,,,,,,,,,,,,,,,,,,,,,,,,,,,
1.0139256154943452,20.749500000027794,0.10799815339967621,0.10719899,0.60646194,0.76467466,,,0.10799815339967621,0.10719899,0.60646194,0.76467466,,,364.860306630674,35022336,22800,0.008751740240259086,0.008524715,0.15137157,0.1910761,,,0.9360534,0.9360534,0.23395757,,,,,,,,,,,,,,,,,,,,,,,,,,,,,,,,,,,,
0.9870078144548557,20.849500000027923,0.10803916548378759,0.107105814,0.59023064,0.74664503,,0.82959545,0.10803916548378759,0.107105814,0.59023064,0.74664503,,0.82959545,365.17931717733734,35175936,22900,0.008630203559296199,0.008363323,0.14732648,0.18657711,,0.20737979,1.1661189,1.1661189,0.29147342,,,,,,,,,,,,,,,,,,,,,,,,,,,,,,,,,,,,
1.1639811030821379,20.949500000028035,0.10813483835197975,0.10715429,0.5480544,0.90937823,1.035944,,0.10813483835197975,0.10715429,0.5480544,0.90937823,1.035944,,365.49792592914514,35329536,23000,0.008849344203481461,0.00856981,0.13679932,0.22725143,0.25895286,,1.2631481,1.2631481,0.31572077,,,,,,,,,,,,,,,,,,,,,,,,,,,,,,,,,,,,
1.0163599075243692,21.049500000028164,0.10841454899869855,0.10739052,0.57705635,0.86739427,1.1611141,,0.10841454899869855,0.10739052,0.57705635,0.86739427,1.1611141,,365.8156864246799,35483136,23100,0.008660915963700985,0.0083679,0.14402933,0.21675499,0.29024056,,0.9509594,0.9509594,0.23768757,,,,,,,,,,,,,,,,,,,,,,,,,,,,,,,,,,,,
1.0681009361955813,20.664366336661946,0.10863958917890151,0.10760968,0.61776817,0.80590975,0.9197998,,0.10863958917890151,0.10760968,0.61776817,0.80590975,0.9197998,,366.1349861373186,35636736,23200,0.008672013892077534,0.008380482,0.15421195,0.20137636,0.2299235,,0.85690516,0.85690516,0.21417922,,,,,,,,,,,,,,,,,,,,,,,,,,,,,,,,,,,,
1.1832113346039195,20.249500000028426,0.10801029209978873,0.10713691,0.59658796,0.8442231,,,0.10801029209978873,0.10713691,0.59658796,0.8442231,,,366.4515912687252,35790336,23300,0.008640630939044068,0.008392129,0.14889176,0.21095139,,,0.76394814,0.76394814,0.19094643,,,,,,,,,,,,,,,,,,,1.0623782,1.0623782,0.26557636,,,,,,,,,,,,,,,
0.9617221176413102,20.349500000028524,0.10734754386357964,0.10656906,0.56499535,0.83100766,,,0.10734754386357964,0.10656906,0.56499535,0.83100766,,,366.7680521663657,35943936,23400,0.00858156530943234,0.008358398,0.14101115,0.2076696,,,0.39298722,0.39298722,0.09822198,,,,,,,,,,,,,,,,,,,0.81097734,0.81097734,0.20273106,,,,,,,,,,,,,,,
1.0294495569468147,20.449500000028653,0.1079238536302,0.10691033,0.5933652,0.7249954,,,0.1079238536302,0.10691033,0.5933652,0.7249954,,,367.0841934304747,36097536,23500,0.00856308917514982,0.008274595,0.1480942,0.18116067,,,1.1442018,1.1442018,0.28598362,,,,,,,,,,,,,,,,,,,,,,,,,0.81472003,0.81472003,0.2036783,,,,,,,,,
1.1071398290265717,20.549500000028782,0.10746575218625365,0.10646629,0.5891081,0.84213734,,,0.10746575218625365,0.10646629,0.5891081,0.84213734,,,367.3984550589888,36251136,23600,0.008686299938126479,0.008402847,0.14705145,0.21044262,,,1.0121888,1.0121888,0.25298738,,,,,,,,,,,,,,,,,,,,,,,,,,,,,,,,,,,,
1.0335825271221748,20.649500000028876,0.10781264876015481,0.106914744,0.6026781,0.7808118,0.8442371,,0.10781264876015481,0.106914744,0.6026781,0.7808118,0.8442371,,367.7169417418502,36404736,23700,0.008712189327925446,0.00845717,0.15044342,0.19511779,0.21103176,,0.8752781,0.8752781,0.21877983,,,,,,,,,,,,,,,,,,,,,,,,,,,,,,,,,,,,
1.0092023500944542,20.749500000029016,0.10698681126348675,0.10613452,0.5744501,0.87390834,,,0.10698681126348675,0.10613452,0.5744501,0.87390834,,,368.0317661479456,36558336,23800,0.008500962700927622,0.00825834,0.143394,0.21837744,,,1.6130192,1.6130192,0.40315288,,,,,,,1.3513544,1.3513544,0.33782202,,,,,,,,,,,,,,,,,,,,,,,,,,,
1.0368506614714346,20.84950000002915,0.10686604082584367,0.1060182,0.5845388,0.63611525,1.0620313,,0.10686604082584367,0.1060182,0.5845388,0.63611525,1.0620313,,368.34629647298306,36711936,23900,0.008690859274938702,0.008447807,0.14590347,0.15894651,0.26547897,,0.55340207,0.55340207,0.13831857,,,,,,,,,,,,,,,,,,,,,,,,,,,,,,,,,,,,
1.0384451405064463,20.949500000029268,0.10732516385614867,0.10644438,0.5971937,0.6004375,,,0.10732516385614867,0.10644438,0.5971937,0.6004375,,,368.6615648848827,36865536,24000,0.008668754830141562,0.00841657,0.14906555,0.15004435,,,0.7347601,0.7347601,0.18364567,,,,,,,,,,,,,,,,,,,,,,,,,,,,,,,,,,,,
0.9435748838963274,21.04950000002941,0.10664397696964432,0.105743796,0.5978597,0.75690824,0.49054766,,0.10664397696964432,0.105743796,0.5978597,0.75690824,0.49054766,,368.9768989399016,37019136,24100,0.008478288890328249,0.008222671,0.14922875,0.18914606,0.12262118,,1.1047678,1.1047678,0.27612522,,,,,,,1.1952261,1.1952261,0.29879206,,,,,,,,,,,,,,,,,,,,,,,,,,,
1.053283840135493,20.25801980200971,0.10631229318125116,0.10531586,0.6251332,0.857655,,0.78003764,0.10631229318125116,0.10531586,0.6251332,0.857655,,0.78003764,369.29004813142814,37172736,24200,0.008559730545949606,0.00827799,0.15605567,0.2143201,,0.19499347,,,,,,,,,,,,,,,,,,,,,,,,,,,,,,,,,,,,,,,
1.0992724695776757,20.249500000029624,0.10690636266022921,0.106061764,0.63828,0.7210858,,,0.10690636266022921,0.106061764,0.63828,0.7210858,,,369.60683852233916,37326336,24300,0.008658945451606998,0.008419568,0.15933213,0.1801914,,,0.70552135,0.70552135,0.1763425,,,,,,,,,,,,,,,,,,,,,,,,,,,,,,,,,,,,
1.068772190216727,20.349500000029753,0.10676223564892995,0.10575995,0.62326646,0.7826412,1.5539478,,0.10676223564892995,0.10575995,0.62326646,0.7826412,1.5539478,,369.919487299551,37479936,24400,0.008523775210487654,0.008240471,0.15556133,0.19556572,0.38844118,,0.8882229,0.8882229,0.22200239,,,,,,,,,,,,,,,,,,,0.626299,0.626299,0.1565651,,,,,,,,,,,,,,,
1.1114160100513095,20.449500000029868,0.10668953305110326,0.10581455,0.6058078,0.9677897,0.46429023,,0.10668953305110326,0.10581455,0.6058078,0.9677897,0.46429023,,370.22993510600867,37633536,24500,0.008448593716020714,0.0082008,0.15119736,0.2418445,0.11605729,,,,,,,,,,,,,,,,,,,,,,,,,,,,,,,,,,,,,,,,
1.0195706517281253,20.549500000029994,0.10626077367924155,0.105318815,0.57124573,0.72008646,0.90529335,,0.10626077367924155,0.105318815,0.57124573,0.72008646,0.90529335,,370.54162970590477,37787136,24600,0.008420940521173186,0.008151721,0.1425937,0.17993572,0.22629148,,0.86685336,0.86685336,0.21666521,,,,,,,,,,,,,,,,,,,,,,,,,,,,,,,,,,,,
1.1854765588866631,20.649500000030116,0.107002972420305,0.1060948,0.643173,0.7885533,,,0.107002972420305,0.1060948,0.643173,0.7885533,,,370.8535456834034,37940736,24700,0.008549865148961541,0.008294061,0.16055726,0.19704524,,,1.2978201,1.2978201,0.3243884,,,,,,,0.7560765,0.7560765,0.18901102,,,,,,,,,,,,,,,,,,,,,,,,,,,
0.9589874509163747,20.74950000003025,0.10589206487871702,0.105017796,0.5856433,0.7502129,0.71162325,1.1093715,0.10589206487871702,0.105017796,0.5856433,0.7502129,0.71162325,1.1093715,371.165566459319,38094336,24800,0.008552937363856468,0.008304208,0.14617822,0.18746631,0.17788136,0.27731705,,,,,,,,,,,,,,,,,,,,,,,,,,,,,,,,,,,,,,,
1.0002686747747307,20.84950000003038,0.10621624468825763,0.10537354,0.5875528,0.82564706,,,0.10621624468825763,0.10537354,0.5875528,0.82564706,,,371.4776158182433,38247936,24900,0.008454013748560116,0.008213622,0.14664236,0.20631741,,,,,,,,,,,,,,,,,,,,,,,,,,,,,,,,,,,,,,,,,
1.1265279398784644,20.949500000030483,0.10584305807948106,0.10481914,0.6054053,0.9051872,,0.62594426,0.10584305807948106,0.10481914,0.6054053,0.9051872,,0.62594426,371.7887991590692,38401536,25000,0.008618138748570377,0.008328998,0.15109941,0.22618644,,0.1564734,0.7812411,0.7812411,0.19526085,,,,,,,,,,,,,,,,,,,,,,,,,,,,,,,,,,,,
1.1351542070585017,20.217485148545464,0.10611448246100458,0.10507112,0.5951142,0.9103913,1.0183173,0.9527955,0.10611448246100458,0.10507112,0.5951142,0.9103913,1.0183173,0.9527955,372.10015744490886,38555136,25100,0.008507472940139708,0.008212031,0.14854926,0.22749037,0.2545476,0.23817793,0.7924224,0.7924224,0.198064,,,,,,,,,,,,,,,,,,,,,,,,,,,,,,,,,,,,
1.0534170427248912,20.14950000003073,0.10598014352843158,0.1050005,0.6130978,0.75764805,0.87433803,,0.10598014352843158,0.1050005,0.6130978,0.75764805,0.87433803,,372.40586633518683,38708736,25200,0.008543551008624512,0.008265543,0.15303794,0.18932503,0.21855119,,0.83294594,0.83294594,0.20819554,,,,,,,,,,,,,,,,,,,0.4014015,0.4014015,0.10034426,,,,,,,,,,,,,,,
1.0117890736681325,20.249500000030864,0.10553563600406046,0.1045356,0.6325182,0.63122046,0.838201,,0.10553563600406046,0.1045356,0.6325182,0.63122046,0.838201,,372.71446867402994,38862336,25300,0.008471165265655136,0.008188542,0.15788747,0.15774477,0.20952663,,1.0930791,1.0930791,0.27320883,,,,,,,,,,,,,,,,,,,,,,,,,,,,,,,,,,,,
1.0006181197809965,20.349500000030968,0.1060055684484542,0.105111934,0.5778105,0.8678932,,,0.1060055684484542,0.105111934,0.5778105,0.8678932,,,373.0237801875872,39015936,25400,0.008450556820025672,0.008195405,0.1442115,0.21686521,,,0.70824003,0.70824003,0.17701344,,,,,,,,,,,,,,,,,,,,,,,,,,,,,,,,,,,,
1.0568334936572505,20.449500000031108,0.10561755820177515,0.10464205,0.6424791,0.73095626,,,0.10561755820177515,0.10464205,0.6424791,0.73095626,,,373.33108479398817,39169536,25500,0.008553925600717773,0.008278865,0.16035268,0.18265204,,,1.0321612,1.0321612,0.2579764,,,,,,,0.6372277,0.6372277,0.15929931,,,,,,,,,,,,,,,,,,,,,,,,,,,
0.9521564509990332,20.54950000003122,0.10533937971107658,0.10447125,0.6123439,0.79107565,0.7871237,,0.10533937971107658,0.10447125,0.6123439,0.79107565,0.7871237,,373.6389044637028,39323136,25600,0.008359337250876722,0.008114337,0.15285584,0.19767751,0.19675641,,1.0470027,1.0470027,0.26168823,,,,,,,,,,,,,,,,,,,,,,,,,,,,,,,,,,,,
1.0484448346839148,20.64950000003135,0.10530318439938134,0.10441953,0.5606543,0.7302451,0.5727757,1.1102695,0.10530318439938134,0.10441953,0.5606543,0.7302451,0.5727757,1.1102695,373.94610996578564,39476736,25700,0.008414558807271532,0.008160933,0.13992964,0.18246786,0.14317495,0.27754715,1.0004348,1.0004348,0.2500467,,,,,,,,,,,,,,,,,,,,,,,,,,,,,,,,,,,,
0.9159269498462388,20.749500000031464,0.10479652900248775,0.10377866,0.6214932,0.5945555,1.1570348,,0.10479652900248775,0.10377866,0.6214932,0.5945555,1.1570348,,374.25331864482325,39630336,25800,0.008397211808769513,0.008109092,0.15511988,0.14857653,0.2892214,,1.1936687,1.1936687,0.29835066,,,,1.1001542,1.1001542,0.27503353,,,,,,,,,,,,,,,,,,,,,,,,,,,,,,
0.9996057113644582,20.849500000031597,0.10511302397586395,0.1043187,0.59791565,0.6789077,,,0.10511302397586395,0.1043187,0.59791565,0.6789077,,,374.5605392338804,39783936,25900,0.008346834858530204,0.00812092,0.1492395,0.16964334,,,0.9630277,0.9630277,0.24069877,,,,,,,,,,,,,,,,,,,,,,,,,,,,,,,,,,,,
0.9956021854487326,20.94950000003172,0.10429364060983058,0.10346404,0.5821779,0.8267492,0.91200256,,0.10429364060983058,0.10346404,0.5821779,0.8267492,0.91200256,,374.86606022941805,39937536,26000,0.008226620224886579,0.007990879,0.14532322,0.2066024,0.22797494,,1.2938606,1.2938606,0.3234018,,,,,,,,,,,,,,,,,,,,,,,,,,,,,,,,,,,,
1.078502262724114,20.27695049508134,0.1049439729292793,0.10408718,0.6557824,0.82494104,0.36274657,,0.1049439729292793,0.10408718,0.6557824,0.82494104,0.36274657,,375.17411259605944,40091136,26100,0.008366131087728216,0.00812602,0.16369075,0.20614776,0.09067404,,1.0170069,1.0170069,0.25419825,,,,,,,,,,,,,,,,,,,,,,,,,,,,,,,,,,,,
0.9560430378689435,20.149500000031964,0.10486508836038407,0.10382597,0.6307098,0.82161,1.129317,,0.10486508836038407,0.10382597,0.6307098,0.82161,1.129317,,375.4817198750233,40244736,26200,0.008323041480034588,0.008030522,0.15744968,0.20530415,0.2822904,,0.7388599,0.7388599,0.18467176,,,,,,,,,,,,,,,,,,,,,,,,,,,,,,,,,,,,
0.9618342980943632,20.249500000032086,0.10455776895396404,0.10381624,0.5398099,0.69365776,,,0.10455776895396404,0.10381624,0.5398099,0.69365776,,,375.7868795331059,40398336,26300,0.008300596415065229,0.008085822,0.13474086,0.17333522,,,,,,,,,,,,,,,,,,,,,,,,,,,,,,,,,,,,,,,,,
1.1296871315264005,20.3495000000322,0.10449177430942655,0.10371197,0.59198254,0.7185114,,0.7811095,0.10449177430942655,0.10371197,0.59198254,0.7185114,,0.7811095,376.0954113025308,40551936,26400,0.008202799808932461,0.00798089,0.14775755,0.17953044,,0.19526224,,,,,,,,,,,,,,,,,,,,,,,,,,,,,,,,,,,,,,,
1.1151055227407765,20.449500000032337,0.10453878765925764,0.10361595,0.5742361,0.903633,1.0559658,1.2553451,0.10453878765925764,0.10361595,0.5742361,0.903633,1.0559658,1.2553451,376.39824463317007,40705536,26500,0.008318553329445448,0.008055812,0.14331676,0.22580586,0.26396012,0.31380922,,,,,,,,,,,,,,,,,,,,,,,,,,,,,,,,,,,,,,,
0.9734825730082466,20.549500000032427,0.1038664604257793,0.10312877,0.61797154,0.8582339,1.258256,,0.1038664604257793,0.10312877,0.61797154,0.8582339,1.258256,,376.6995682197162,40859136,26600,0.008135182242549508,0.007926951,0.154279,0.21446042,0.3145249,,0.7046237,0.7046237,0.17611039,,,,,,,,,,,,,,,,,,,,,,,,,,,,,,,,,,,,
1.116536147838637,20.64950000003256,0.10435938194394108,0.1033552,0.5770949,0.73293406,1.410423,1.0756154,0.10435938194394108,0.1033552,0.5770949,0.73293406,1.410423,1.0756154,377.00461988417226,41012736,26700,0.008352453979896412,0.008066281,0.14403528,0.1831346,0.3525626,0.26887983,1.0164168,1.0164168,0.25405174,,,,,,,,,,,,,,,,,,,,,,,,,,,,,,,,,,,,
0.9110779259286598,20.294099009933664,0.10399097820172226,0.10293367,0.62972945,0.7124116,1.7479658,,0.10399097820172226,0.10293367,0.62972945,0.7124116,1.7479658,,377.3080382534928,41166336,26800,0.00825186110779385,0.007953715,0.15719591,0.17801179,0.4369367,,0.8054983,0.8054983,0.20132121,,,,,,,,,,,,,,,,,,,,,,,,,,,,,,,,,,,,
1.0991554862486999,19.849500000032798,0.10376008353196077,0.10268927,0.6197326,0.69621336,,,0.10376008353196077,0.10268927,0.6197326,0.69621336,,,377.61412371034254,41319936,26900,0.008363927325117414,0.008061244,0.15467955,0.17396685,,,0.9884393,0.9884393,0.24705496,,,,,,,,,,,,,,,,,,,,,,,,,,,,,,,,,,,,
0.9786810622814089,19.94950000003293,0.1039148999098688,0.10300306,0.6278164,0.70829624,1.1618783,,0.1039148999098688,0.10300306,0.6278164,0.70829624,1.1618783,,377.916960045369,41473536,27000,0.008305054492375332,0.008047473,0.15671964,0.17699891,0.2904394,,,,,,,,,,,,,,,,,,,,,,,,,,,,,,,,,,,,,,,,
0.9823966438624352,20.049500000033053,0.1032363247312603,0.10231907,0.59445244,0.81475776,,0.40807137,0.1032363247312603,0.10231907,0.59445244,0.81475776,,0.40807137,378.22018773668304,41627136,27100,0.008106116644339662,0.007845536,0.1483972,0.2035973,,0.102009475,0.79626155,0.79626155,0.1990186,,,,,,,,,,,,,,,,,,,,,,,,,,,,,,,,,,,,
1.0380990726105124,20.149500000033182,0.10337526269257054,0.10248069,0.62018865,0.75763917,,,0.10337526269257054,0.10248069,0.62018865,0.75763917,,,378.52077370335894,41780736,27200,0.008141097775078363,0.007888223,0.15479833,0.18932122,,,,,,,,,,,,,,,,,,,,,,,,,,,,,,,,,,,,,,,,,
1.0331710306202742,20.24950000003331,0.10361294135451296,0.10289016,0.58269876,0.8172523,1.3896258,,0.10361294135451296,0.10289016,0.58269876,0.8172523,1.3896258,,378.8208077441329,41934336,27300,0.008135277726687498,0.007929359,0.14545268,0.2042158,0.34735864,,0.64921105,0.64921105,0.1622642,,,,,,,,,,,,,,,,,,,,,,,,,,,,,,,,,,,,
1.0018951253769888,20.349500000033416,0.10310498056001967,0.10204777,0.6389013,0.91375667,2.2458422,0.7753719,0.10310498056001967,0.10204777,0.6389013,0.91375667,2.2458422,0.7753719,379.12284296228967,42087936,27400,0.00825239868543578,0.007956518,0.1594779,0.22832006,0.56140137,0.1938269,0.9758514,0.9758514,0.2439116,,,,,,,,,,,,,,,,,,,,,,,,,,,,,,,,,,,,
0.9025645177123403,20.44950000003356,0.10331305958330628,0.10238017,0.59769607,1.0125405,1.1312075,,0.10331305958330628,0.10238017,0.59769607,1.0125405,1.1312075,,379.42491261367496,42241536,27500,0.008183439077110959,0.007919354,0.14916353,0.2530061,0.28277248,,0.71767354,0.71767354,0.1793872,,,,,,,,,,,,,,,,,,,,,,,,,,,,,,,,,,,,
0.9979812413741821,20.54950000003368,0.10353209044784319,0.10262396,0.5675261,0.59339386,,,0.10353209044784319,0.10262396,0.5675261,0.59339386,,,379.7232730843408,42395136,27600,0.008153153647726894,0.007892178,0.1416704,0.14828588,,,0.90959543,0.90959543,0.22735918,,,,,,,,,,,,,,,,,,,0.42797837,0.42797837,0.1069872,,,,,,,,,,,,,,,
0.9886441982274595,20.649500000033786,0.10273159057833257,0.10176658,0.60293865,0.8068615,0.8211614,,0.10273159057833257,0.10176658,0.60293865,0.8068615,0.8211614,,380.02056031511506,42548736,27700,0.00807379865582333,0.007801039,0.15051246,0.20161606,0.20526367,,0.84399337,0.84399337,0.21094525,,,,,,,,,,,,,,,,,,,,,,,,,,,,,,,,,,,,
1.1659647400904274,20.749500000033905,0.10276082294061761,0.10191722,0.590454,0.85587484,,,0.10276082294061761,0.10191722,0.590454,0.85587484,,,380.3204479971672,42702336,27800,0.0081017825327581,0.007863852,0.14739531,0.21388027,,,1.5710616,1.5710616,0.39269072,,,,,,,,,,,,,,,,,,,,,,,,,,,,,,,,,,,,
1.0064686110485628,20.84950000003402,0.1032748141046612,0.102262504,0.6339481,0.7310007,0.6358069,1.2640098,0.1032748141046612,0.102262504,0.6339481,0.7310007,0.6358069,1.2640098,380.62169113772757,42855936,27900,0.008141269194020403,0.007856258,0.1582262,0.18265502,0.15893567,0.3159758,1.6375399,1.6375399,0.40927824,,,,,,,,,,,,,,,,,,,,,,,,,,,,,,,,,,,,
1.0667725537601607,20.949500000034146,0.10225915650837135,0.10133984,0.6272152,0.65662444,0.97635245,,0.10225915650837135,0.10133984,0.6272152,0.65662444,0.97635245,,380.92429840632724,43009536,28000,0.008025748261425186,0.007766417,0.15656854,0.16406737,0.2440581,,0.7950579,0.7950579,0.19872203,,,,,,,,,,1.1471088,1.1471088,0.28676674,,,,,,,,,,,,,,,,,,,,,,,,
0.977440899824419,21.040089108945185,0.10285105451130068,0.101689585,0.6424894,0.83117694,,0.9413307,0.10285105451130068,0.101689585,0.6424894,0.83117694,,0.9413307,381.2233486992056,43163136,28100,0.008240805019043602,0.007915774,0.16036499,0.207706,,0.23531191,0.91918695,0.91918695,0.22975048,,,,,,,,,,,,,,,,,,,,,,,,,,,,,,,,,,,,
1.0692453974030078,20.14950000003439,0.10307224565185606,0.102024615,0.60409003,0.8850532,0.85519785,,0.10307224565185606,0.102024615,0.60409003,0.8850532,0.85519785,,381.5216842723301,43316736,28200,0.00812440599343973,0.007827777,0.15078221,0.22115414,0.21376944,,0.56553495,0.56553495,0.14135489,,,,,,,,,,,,,,,,,,,,,,,,,,,,,,,,,,,,
0.9691716619126033,20.249500000034548,0.10240539176389571,0.10154539,0.57632715,0.8099907,0.69446194,,0.10240539176389571,0.10154539,0.57632715,0.8099907,0.69446194,,381.82138764580503,43470336,28300,0.008166234442614974,0.007921772,0.1438502,0.20242032,0.17359501,,1.3057828,1.3057828,0.32635614,,,,,,,,,,,,,,,,,,,,,,,,,,,,,,,,,,,,
1.066300617389351,20.349500000034652,0.10276043288409711,0.101737045,0.5860546,0.5580455,1.5124204,,0.10276043288409711,0.101737045,0.5860546,0.5580455,1.5124204,,382.1210215196009,43623936,28400,0.008130839704826923,0.007839533,0.14628352,0.13943332,0.3780609,,0.9813099,0.9813099,0.24528533,,,,,,,,,,,,,,,,,,,,,,,,,,,,,,,,,,,,
0.9688248689346972,20.44950000003478,0.10227673835121096,0.10119802,0.5879811,0.7867539,0.85949755,1.1972446,0.10227673835121096,0.10119802,0.5879811,0.7867539,0.85949755,1.1972446,382.4173962897754,43777536,28500,0.008115634431014745,0.0078108376,0.14675416,0.19659337,0.21484822,0.2992815,1.0863761,1.0863761,0.2715365,,,,,,,,,,,,,,,,,,,,,,,,,,,,,,,,,,,,
1.0205570786174905,20.549500000034893,0.10167153818532831,0.10078131,0.6099596,0.8684778,,,0.10167153818532831,0.10078131,0.6099596,0.8684778,,,382.7171075309665,43931136,28600,0.008104747300385509,0.00785411,0.15225717,0.21702231,,,0.83272684,0.83272684,0.20813899,,,,,,,,,,,,,,,,,,,,,,,,,,,,,,,,,,,,
0.8975864337756563,20.649500000035005,0.10252983932383364,0.10151082,0.6629937,0.74077964,0.9776067,,0.10252983932383364,0.10151082,0.6629937,0.74077964,0.9776067,,383.0142298798375,44084736,28700,0.008099227511847875,0.007813405,0.16549465,0.18510467,0.2443731,,0.63806975,0.63806975,0.15948462,,,,,,,,,,,,,,,,,,,,,,,,,,,,,,,,,,,,
1.0383268901687777,20.749500000035134,0.10186484365724015,0.10081235,0.62468547,0.6778975,0.5712789,,0.10186484365724015,0.10081235,0.62468547,0.6778975,0.5712789,,383.31037808411014,44238336,28800,0.00808274270268156,0.007785562,0.15591706,0.16939719,0.14280182,,,,,,,,,,,,,,,,,,,,,,,,,,,,,,,,,,,,,,,,
1.0140822653145072,20.849500000035263,0.10203796979039906,0.10105604,0.62474716,0.8161968,,0.55988514,0.10203796979039906,0.10105604,0.62474716,0.8161968,,0.55988514,383.607152029348,44391936,28900,0.00810853887174742,0.007831847,0.15593538,0.20396277,,0.13996021,,,,,,,,,,0.58820957,0.58820957,0.14704588,,,,,,,,,,,,,,,,,,,,,,,,,,,
0.9554784082296217,20.949500000035385,0.1021849501039833,0.10114403,0.5744771,0.8223695,1.5732338,,0.1021849501039833,0.10114403,0.5744771,0.8223695,1.5732338,,383.90468785328443,44545536,29000,0.008130986571195525,0.007835862,0.14337733,0.20549463,0.39325857,,0.6094616,0.6094616,0.15233359,,,,,,,,,,,,,,,,,,,,,,,,,,,,,,,,,,,,
0.9282441101581915,21.049500000035497,0.10159423474222429,0.100772604,0.6398611,0.9693693,,,0.10159423474222429,0.100772604,0.6398611,0.9693693,,,384.1968198658861,44699136,29100,0.008020413196645697,0.0077904346,0.15971994,0.2422408,,,1.4847667,1.4847667,0.37109149,,,,,,,,,,,,,,,,,,,0.6094833,0.6094833,0.15236288,,,,,,,,,,,,,,,
0.9488776394422411,20.24810891092672,0.10203009329293611,0.10100567,0.5737342,0.8168947,1.2621138,0.977473,0.10203009329293611,0.10100567,0.5737342,0.8168947,1.2621138,0.977473,384.49082816084325,44852736,29200,0.008005455759870335,0.007714652,0.14319913,0.20413028,0.31548363,0.24435031,0.6434791,0.6434791,0.16083005,,,,,,,,,,,,,,,,,,,,,,,,,,,,,,,,,,,,
1.0169752842575523,20.24950000003574,0.10233354463241971,0.101292156,0.598791,0.7314819,1.6795933,,0.10233354463241971,0.101292156,0.598791,0.7314819,1.6795933,,384.7846917564881,45006336,29300,0.00807303292880533,0.0077791065,0.14944905,0.18278223,0.41984734,,1.257504,1.257504,0.314302,,,,,,,,,,0.66672194,0.66672194,0.16667454,,,,,,,,,,,,,,,,,,,,,,,,
1.1035054014943058,20.349500000035867,0.10155583079904294,0.100523144,0.6036412,0.8357552,0.84309214,,0.10155583079904294,0.100523144,0.6036412,0.8357552,0.84309214,,385.08047608358993,45159936,29400,0.008064175205945502,0.0077741244,0.15067522,0.20883398,0.21074684,,,,,,,,,,,1.4946432,1.4946432,0.37364444,,,,,,,,,,,,,,,,,,,,,,,,,,,
0.9406442230889615,20.449500000035982,0.10112196094356474,0.1001381,0.6097142,0.6465064,,,0.10112196094356474,0.1001381,0.6097142,0.6465064,,,385.3763208053816,45313536,29500,0.00793470004515256,0.007656605,0.15218794,0.16156699,,,0.93706846,0.93706846,0.23420562,,,,,,,,,,,,,,,,,,,,,,,,,,,,,,,,,,,,
1.1510300793003236,20.549500000036126,0.10086919385939828,0.10001586,0.6073903,0.8621855,,,0.10086919385939828,0.10001586,0.6073903,0.8621855,,,385.66988202683694,45467136,29600,0.007843174290028405,0.007602615,0.15161364,0.2154443,,,0.9178328,0.9178328,0.22940646,,,,,,,,,,,,,,,,,,,,,,,,,,,,,,,,,,,,
0.9005056553465101,20.64950000003624,0.10069293290376675,0.09981637,0.60044247,0.666994,,,0.10069293290376675,0.09981637,0.60044247,0.666994,,,385.963019997652,45620736,29700,0.007971048802137372,0.007723087,0.14988232,0.16666643,,,0.9247205,0.9247205,0.23111984,,,,,,,,,,,,,,,,,,,,,,,,,,,,,,,,,,,,
0.9744019283081272,20.74950000003637,0.10068010366521785,0.09963974,0.57621056,0.841903,0.84661925,,0.10068010366521785,0.09963974,0.57621056,0.841903,0.84661925,,386.25242232309455,45774336,29800,0.00795774133992379,0.0076631214,0.14382194,0.21037066,0.21163137,,0.9603692,0.9603692,0.24004263,,,,,,,,,,,,,,,,,,,,,,,,,,,,,,,,,,,,
1.1943336070404613,20.849500000036496,0.10132543156854835,0.10030383,0.5646333,0.74480885,1.2618442,,0.10132543156854835,0.10030383,0.5646333,0.74480885,1.2618442,,386.5443457784672,45927936,29900,0.008018674238119281,0.0077280984,0.1409241,0.18611883,0.31542373,,,,,,,,,,,0.74875873,0.74875873,0.1871802,,,,,,,,,,1.6071409,1.6071409,0.40175876,,,,,,,,,,,,,,,
0.9500004157216446,20.920267326769277,0.10070540181517908,0.099744014,0.6146126,0.7900245,,0.79095805,0.10070540181517908,0.099744014,0.6146126,0.7900245,,0.79095805,386.8408713734469,46081536,30000,0.007938485493477747,0.007667186,0.15342107,0.1974165,,0.19772033,0.57079446,0.57079446,0.14266549,,,,,,,,,,,,,,,,,,,,,,,,,,,,,,,,,,,,
1.1056062628706982,20.04950000003671,0.10089948167093095,0.1000418,0.5945021,0.6926245,,,0.10089948167093095,0.1000418,0.5945021,0.6926245,,,387.1340121987044,46235136,30100,0.007864888652111409,0.00762144,0.14840078,0.17306092,,,0.8769525,0.8769525,0.21917996,,,,,,,,,,,,,,,,,,,,,,,,,,,,,,,,,,,,
0.9719640029663361,20.149500000036863,0.1007616090215742,0.09989767,0.54204553,0.6635365,1.0701423,0.59316653,0.1007616090215742,0.09989767,0.54204553,0.6635365,1.0701423,0.59316653,387.4233719445847,46388736,30200,0.007893778787110933,0.0076469597,0.1352877,0.16581216,0.2675005,0.14827695,1.3708494,1.3708494,0.3426466,,,,,,,,,,,,,,,,,,,,,,,,,,,,,,,,,,,,
1.000925249682014,20.249500000036974,0.10068979054689402,0.09962114,0.5524365,0.94649273,,,0.10068979054689402,0.09962114,0.5524365,0.94649273,,,387.71518217314315,46542336,30300,0.007908356281113806,0.00760664,0.13790067,0.23651415,,,0.9889457,0.9889457,0.2471812,,,,,,,,,,,,,,,,,,,,,,,,,,,,,,,,,,,,
0.9478881265898396,20.349500000037096,0.10098094807937741,0.100022934,0.60760033,0.7278542,,1.2846134,0.10098094807937741,0.100022934,0.60760033,0.7278542,,1.2846134,388.0085957375161,46695936,30400,0.00795010970003204,0.0076797414,0.15166125,0.18187489,,0.3211215,0.7945093,0.7945093,0.19857836,,,,,,,,,,,,,,,,,,,,,,,,,,,,0.7721006,0.7721006,0.19302258,,,,,,
0.9131429139973134,20.449500000037187,0.10069320865906763,0.099803925,0.60470015,0.70376915,0.9169779,,0.10069320865906763,0.099803925,0.60470015,0.70376915,0.9169779,,388.30095081645106,46849536,30500,0.00793251527211397,0.007681115,0.150946,0.17585437,0.22921237,,0.7477614,0.7477614,0.18689695,,,,,,,,,,,,,,,,,,,,,,,,,,,,,,,,,,,,
0.8918961981357482,20.549500000037327,0.09933923837728828,0.09856785,0.5699107,0.6046584,,1.3004603,0.09933923837728828,0.09856785,0.5699107,0.6046584,,1.3004603,388.5918648040511,47003136,30600,0.007750269309326547,0.0075307162,0.14224274,0.15110525,,0.3250882,0.6706672,0.6706672,0.16762939,,,,,,,,,,,,,,,,,,,,,,,,,,,,,,,,,,,,
1.0822757879295766,20.649500000037456,0.09988799218088379,0.09910189,0.5884973,0.76492393,,,0.09988799218088379,0.09910189,0.5884973,0.76492393,,,388.88467111829584,47156736,30700,0.007769245618255812,0.0075464724,0.14690307,0.19113368,,,,,,,,,,,,,,,,,,,,,,,,,,,,,,,,,,,,,,,,,
0.9763831829694742,20.74950000003758,0.09969361036084577,0.09873003,0.655955,0.75719655,1.142443,,0.09969361036084577,0.09873003,0.655955,0.75719655,1.142443,,389.17270516036183,47310336,30800,0.007774106083961672,0.0075050425,0.16374463,0.18921448,0.28557444,,0.80052376,0.80052376,0.20008472,,,,,,,,,,,,,,,,,,,,,,,,,,,,,,,,,,,,
1.0230771877382845,20.849500000037686,0.09965623886324473,0.09853119,0.5913622,0.8920382,1.0339763,,0.09965623886324473,0.09853119,0.5913622,0.8920382,1.0339763,,389.4603673509885,47463936,30900,0.007869114669156291,0.007552543,0.14761078,0.22290565,0.2584663,,0.5130141,0.5130141,0.12822035,,,,,,,,,,,,,,,,,,,,,,,,,,,,,,,,,,,,
0.9638460881534584,20.94950000003782,0.09947223620489234,0.098607235,0.5728123,0.8817943,,,0.09947223620489234,0.098607235,0.5728123,0.8817943,,,389.74968833922856,47617536,31000,0.007823122945264913,0.0075788735,0.14296398,0.22032759,,,1.1836648,1.1836648,0.29585272,,,,,,,,,,,,,,,,,,,,,,,,,,,,,,,,,,,,
0.9924641038724937,21.04950000003794,0.0996657250076532,0.098675914,0.6252283,0.9305706,0.710417,1.0831156,0.0996657250076532,0.098675914,0.6252283,0.9305706,0.710417,1.0831156,390.03870153137933,47771136,31100,0.007931047766178383,0.007654151,0.15607741,0.23252884,0.17758456,0.27075416,0.81476164,0.81476164,0.20364264,,,,,,,,,,,,,,,,,,,,,,,,,,,,,,,,,,,,
0.9989780364468952,21.149500000038046,0.10024473843164756,0.09930799,0.61247265,0.7726418,0.79607445,,0.10024473843164756,0.09930799,0.61247265,0.7726418,0.79607445,,390.3249652160325,47924736,31200,0.007951934767770568,0.007687846,0.15287478,0.193063,0.19899154,,,,,,,,,,,,,,,,,,,,,,,0.6861695,0.6861695,0.17153257,,,,,,,,,,,,,,,
0.9300874851291872,21.249500000038207,0.09916188730858264,0.09830299,0.59456015,0.69982475,,,0.09916188730858264,0.09830299,0.59456015,0.69982475,,,390.6148185330236,48078336,31300,0.007623405286285553,0.0073797633,0.14841543,0.17486098,,,0.56942725,0.56942725,0.14233243,,,,,,,,,,,,,,,,,,,,,,,,,,,,,,,,,,,,
0.9343686267240342,20.695881188157113,0.09959112072713902,0.09880917,0.5802673,0.74382454,,,0.09959112072713902,0.09880917,0.5802673,0.74382454,,,390.9012238401541,48231936,31400,0.007822273994996532,0.0076004555,0.14483058,0.1858695,,,0.71915793,0.71915793,0.17975365,,,,,,,,,,,,,,,,,,,,,,,,,,,,,,,,,,,,
0.9633277680250077,20.449500000038423,0.0989576286636292,0.09818549,0.57045794,0.8150661,0.52133924,,0.0989576286636292,0.09818549,0.57045794,0.8150661,0.52133924,,391.1904534799561,48385536,31500,0.007705786662118043,0.0074859993,0.14239769,0.20367336,0.13031836,,0.70623195,0.70623195,0.17651308,,,,,,,,,,,,,,,,,,,,,,,,,,,,,,,,,,,,
1.0153110899132352,20.54950000003856,0.09856410839594891,0.097898275,0.5728376,0.870764,0.39515528,0.3620894,0.09856410839594891,0.097898275,0.5728376,0.870764,0.39515528,0.3620894,391.4782735544906,48539136,31600,0.007756203180761075,0.007567738,0.14296864,0.21759404,0.09877674,0.090514384,0.77559614,0.77559614,0.19385971,,,,,,,,,,,,,,,,,,,,,,,,,,,,,,,,,,,,
0.9479887626276224,20.649500000038692,0.09925189955160015,0.098234236,0.5990379,0.95119923,,1.5636876,0.09925189955160015,0.098234236,0.5990379,0.95119923,,1.5636876,391.76716324976366,48692736,31700,0.007802229983499288,0.0075183664,0.14951603,0.23769698,,0.39088875,0.6551167,0.6551167,0.16374335,,,,,,,,,,,,,,,,,,,,,,,,,,,,,,,,,,,,
0.9875034701741022,20.749500000038786,0.09917551662772883,0.09824222,0.5899503,0.6857867,,,0.09917551662772883,0.09824222,0.5899503,0.6857867,,,392.0523022760726,48846336,31800,0.0077854815052705775,0.0075210165,0.14724967,0.17136976,,,0.58750486,0.58750486,0.14683783,,,,,,,,,,,,,,,,,,,,,,,,,,,,,,,,,,,,
1.0371559193803805,20.84950000003893,0.0987186522781847,0.09777572,0.59948075,0.7632211,,1.0670472,0.0987186522781847,0.09777572,0.59948075,0.7632211,,1.0670472,392.33583485739706,48999936,31900,0.007650583922513757,0.0073850127,0.14963199,0.19069934,,0.2667367,0.88152,0.88152,0.22034058,,,,,,,,,,,,,,,,,,,1.0103627,1.0103627,0.2525745,,,,,,,,,,,,,,,
0.9122997395595953,20.949500000039055,0.09943311586976061,0.09843162,0.6550836,0.6663953,0.8324315,,0.09943311586976061,0.09843162,0.6550836,0.6663953,0.8324315,,392.6239021274886,49153536,32000,0.007747653244587121,0.0074672615,0.16354702,0.16652289,0.2080764,,0.8379337,0.8379337,0.20943871,,,,,,,,,,,,,,,,,,,,,,,,,,,,,,,,,,,,
0.9655018052953612,21.049500000039142,0.09848363226279613,0.09756258,0.63127077,0.78592706,,,0.09848363226279613,0.09756258,0.63127077,0.78592706,,,392.91266934172387,49307136,32100,0.0077495428163092605,0.0074914386,0.15755178,0.19640224,,,0.7851923,0.7851923,0.19625066,,,,,,,,,,,,,,,,,,,,,,,,,,,,,,,,,,,,
0.9627913913726237,21.14950000003928,0.09853626294061535,0.09777622,0.6138075,0.7851641,,,0.09853626294061535,0.09777622,0.6138075,0.7851641,,,393.1985107840841,49460736,32200,0.007699267398565995,0.0074849445,0.15320963,0.19618878,,,0.6920744,0.6920744,0.17297393,,,,,,,,,,,,,,,,,,,,,,,,,,,,,,,,,,,,
0.9705314570241854,21.24950000003943,0.09895515911281108,0.09805878,0.61184543,0.67933685,0.959774,0.5403389,0.09895515911281108,0.09805878,0.61184543,0.67933685,0.959774,0.5403389,393.48192266522153,49614336,32300,0.007779723456478673,0.007527341,0.15270892,0.16975182,0.23991202,0.13507172,0.6601858,0.6601858,0.16501918,,,,,,,,,,,,,,,,,,,0.9359769,0.9359769,0.23398161,,,,,,,,,,,,,,,
1.0173150777947655,20.497663366376173,0.09863716273540897,0.09766378,0.5690367,0.6797044,,0.70051783,0.09863716273540897,0.09766378,0.5690367,0.6797044,,0.70051783,393.76590747224145,49767936,32400,0.007694105174516944,0.0074177342,0.14202006,0.16984525,,0.17511408,0.79545105,0.79545105,0.19881725,,,,,,,,,,,,,,,,,,,,,,,,,,,,,,,,,,,,
1.0414790267747227,20.449500000039652,0.0987870273273439,0.09772504,0.5993089,0.8661268,,,0.0987870273273439,0.09772504,0.5993089,0.8661268,,,394.0511970397383,49921536,32500,0.00783951560762944,0.007540169,0.14960861,0.21643893,,,0.78662235,0.78662235,0.19660753,,,,,,,,,,,,,,,,,,,,,,,,,,,,,,,,,,,,
1.024506953280963,20.54950000003978,0.09829696059226994,0.097217456,0.5857565,0.613025,0.38681346,,0.09829696059226994,0.097217456,0.5857565,0.613025,0.38681346,,394.334950768703,50075136,32600,0.007702777874947065,0.007396565,0.14620312,0.15318199,0.096692465,,0.8887156,0.8887156,0.22213593,,,,,,,,,,0.9726695,0.9726695,0.24315807,,,,,,,,,,,,,,,,,,,,,,,,
0.9531587697932505,20.64950000003988,0.09866710782051093,0.09786237,0.61093014,0.7938553,,,0.09866710782051093,0.09786237,0.61093014,0.7938553,,,394.6153818006703,50228736,32700,0.0076174375266418876,0.007390679,0.15248807,0.19836351,,,0.64627755,0.64627755,0.1615392,,,,,,,,,,,,,,,,,,,,,,,,,,,,,,,,,,,,
0.911622198986504,20.749500000040012,0.09837982152588684,0.09745371,0.58367896,0.7554929,0.9647318,,0.09837982152588684,0.09745371,0.58367896,0.7554929,0.9647318,,394.89688095579,50382336,32800,0.007648546121781694,0.007386846,0.14569928,0.18878259,0.24114929,,0.967024,0.967024,0.24171636,,,,,,,,,,,,,,,,,,,,,,,,,,,,,,,,,,,,
0.9471083142047466,20.84950000004016,0.09912636659108118,0.09836675,0.5543311,0.6595432,,,0.09912636659108118,0.09836675,0.5543311,0.6595432,,,395.1789107067643,50535936,32900,0.007690530739491793,0.0074732634,0.13835815,0.16480684,,,,,,,,,,,,,,,,,,,,,,,,,,,,,,,,,,,,,,,,,
0.9976625601430834,20.51392079211947,0.09786168046037463,0.09708123,0.58367807,0.8525714,,1.113169,0.09786168046037463,0.09708123,0.58367807,0.8525714,,1.113169,395.45985681357513,50689536,33000,0.007641893794810835,0.00742206,0.1456864,0.2130337,,0.27826735,1.0883793,1.0883793,0.2720392,,,,,,,,,,,,,,,,,,,,,,,,,,,,,,,,,,,,
0.9701990912108658,20.049500000040393,0.09849876909516755,0.097590245,0.59429556,0.8094919,1.0348384,,0.09849876909516755,0.097590245,0.59429556,0.8094919,1.0348384,,395.743507365562,50843136,33100,0.007787292848515788,0.0075319214,0.14833826,0.20228837,0.2586776,,,,,,,,,,,0.5502466,0.5502466,0.13755608,,,,,,,,,,,,,,,,,,,,,,,,,,,
0.9847527649856558,20.149500000040522,0.09823934652842567,0.09736853,0.6057071,0.776089,0.91214335,,0.09823934652842567,0.09736853,0.6057071,0.776089,0.91214335,,396.0273253490438,50996736,33200,0.007659066628257273,0.0074149123,0.15118386,0.19394974,0.22800243,,1.0083578,1.0083578,0.25202957,,,,,,,,,,,,,,,,,,,,,,,,,,,,,,,,,,,,
0.9469884254129172,20.249500000040644,0.09728718355298044,0.09620692,0.61178434,0.5677852,0.34152174,,0.09728718355298044,0.09620692,0.61178434,0.5677852,0.34152174,,396.3100385262004,51150336,33300,0.007669386319175826,0.0073645664,0.15270565,0.14188072,0.08536719,,0.7546999,0.7546999,0.18862864,,,,,,,,,,,,,,,,,,,,,,,,,,,,,,,,,,,,
0.9873651719280399,20.34950000004075,0.09753717491403233,0.0964767,0.6114943,0.75510716,,1.3052677,0.09753717491403233,0.0964767,0.6114943,0.75510716,,1.3052677,396.5941716954007,51303936,33400,0.0077280173607869,0.0074309832,0.15264814,0.18867958,,0.3262865,0.46254906,0.46254906,0.115611896,,,,,,,,,,1.6687963,1.6687963,0.41718444,,,,,,,,,,,,,,,,,,,,,,,,
0.9791555132732525,20.449500000040878,0.09696173993870633,0.096240625,0.6235763,0.699836,,,0.09696173993870633,0.096240625,0.6235763,0.699836,,,396.87157314962997,51457536,33500,0.0075730813524569375,0.0073710075,0.15567106,0.17488548,,,0.8771484,0.8771484,0.21923968,,,,,,,,,,,,,,,,,,,0.6295558,0.6295558,0.15737835,,,,,,,,,,,,,,,
0.9883782693320357,20.549500000041007,0.09710280309431252,0.09620132,0.5820036,0.6468006,,,0.09710280309431252,0.09620132,0.5820036,0.6468006,,,397.1544502230515,51611136,33600,0.007577144994284019,0.007323032,0.14525731,0.16162659,,,1.1522974,1.1522974,0.28800356,,,,,,,,,,,,,,,,,,,,,,,,,,,,,,,,,,,,
0.9331630120048134,20.649500000041126,0.0966677479911595,0.09584619,0.58088577,0.6696988,1.0016572,,0.0966677479911595,0.09584619,0.58088577,0.6696988,1.0016572,,397.4330567453555,51764736,33700,0.007538440841308328,0.0073060417,0.1449771,0.16734165,0.2503854,,0.73019814,0.73019814,0.18251233,,,,,,,,,,,,,,,,,,,,,,,,,,,,,,,,,,,,
0.9302861392014597,20.749500000041245,0.09768472723662844,0.09667945,0.60491526,0.86136127,,,0.09768472723662844,0.09667945,0.60491526,0.86136127,,,397.71316624586694,51918336,33800,0.00757316004222956,0.007291409,0.1510055,0.21523583,,,0.7482921,0.7482921,0.18703955,,,,,,,,,,,,,,,,,,,,,,,,,,,,,,,,,,,,
0.8998097171599396,20.849500000041395,0.09718857945874336,0.09629552,0.6245416,0.6562857,,1.19384,0.09718857945874336,0.09629552,0.6245416,0.6562857,,1.19384,397.99114207903267,52071936,33900,0.007549799338739832,0.007299561,0.15590079,0.16399851,,0.29843566,0.92210376,0.92210376,0.23048498,,,,,,,,,,,,,,,,,,,,,,,,,,,,,,,,,,,,
0.9012967149176297,20.94950000004149,0.09752257294021549,0.09652453,0.6114828,0.88787687,1.0372251,,0.09752257294021549,0.09652453,0.6114828,0.88787687,1.0372251,,398.27089111326814,52225536,34000,0.007714238708140332,0.0074350154,0.15262994,0.22186314,0.25927642,,,,,,,,,,,,,,,,,,,,,,,,,,,,,,,,,,,,,,,,
1.044997917569374,21.049500000041604,0.09753106283023964,0.09652494,0.61749107,0.7244478,0.6982676,,0.09753106283023964,0.09652494,0.61749107,0.7244478,0.6982676,,398.54937742982395,52379136,34100,0.007603994001110544,0.0073218187,0.1541174,0.18101947,0.17454222,,0.915282,0.915282,0.22876285,,,,,,,,,,,,,,,,,,,0.6932863,0.6932863,0.17331189,,,,,,,,,,,,,,,
1.060515301827038,21.149500000041733,0.0975533937569709,0.096587285,0.6395218,0.67055017,0.5094323,,0.0975533937569709,0.096587285,0.6395218,0.67055017,0.5094323,,398.829491896224,52532736,34200,0.0076883562305010865,0.0074181757,0.15964288,0.16756555,0.12734178,,0.8486059,0.8486059,0.21209872,,,,,,,,,,,,,,,,,,,,,,,,,,,,,,,,,,,,
1.008913513603821,21.249500000041877,0.09675749899819494,0.09579123,0.6175681,0.9783843,,,0.09675749899819494,0.09579123,0.6175681,0.9783843,,,399.10821817250934,52686336,34300,0.007469641571806281,0.007198906,0.15415195,0.2444853,,,,,,,,,,,,,,,,,,,,,,,,,,,,,,,,,,,,,,,,,
0.9872942889656524,20.933742574299394,0.09693835368656586,0.09593551,0.62933177,0.7303044,,,0.09693835368656586,0.09593551,0.62933177,0.7303044,,,399.3861286305413,52839936,34400,0.007684920677606308,0.00740384,0.15710199,0.18248881,,,0.6116177,0.6116177,0.15286675,,,,,,,,,,,,,,,,,,,,,,,,,,,,,,,,,,,,
1.0152255519242113,20.4495000000421,0.09680142287164926,0.095840484,0.6287899,0.6748504,0.7280226,,0.09680142287164926,0.095840484,0.6287899,0.6748504,0.7280226,,399.66701803686135,52993536,34500,0.007577559931087308,0.007308304,0.15697029,0.16862468,0.1819859,,0.7749214,0.7749214,0.19368687,,,,,,,,,,,,,,,,,,,,,,,,,,,,,,,,,,,,
0.9609619528926705,20.549500000042226,0.09704642466269454,0.09606355,0.5961876,0.70279306,0.80268073,,0.09704642466269454,0.09606355,0.5961876,0.70279306,0.80268073,,399.94459713982184,53147136,34600,0.007545561307924804,0.0072686444,0.14880998,0.175634,0.2006459,,0.9221989,0.9221989,0.2304979,,,,,,,0.86298585,0.86298585,0.2157358,0.640032,0.640032,0.1600027,,,,,,,,,,,,,,,,,,,,,,,,
0.8528940822607007,20.649500000042348,0.09635959667153667,0.09555145,0.58066845,0.62017614,,,0.09635959667153667,0.09555145,0.58066845,0.62017614,,,400.22228891428654,53300736,34700,0.007550903739174827,0.007321821,0.14493902,0.1549796,,,0.4755032,0.4755032,0.118848234,,,,,,,,,,,,,,,,,,,,,,,,,,,,,,,,,,,,
0.8931404789649308,20.74950000004247,0.09687727587297572,0.09585425,0.59442073,0.6651306,,,0.09687727587297572,0.09585425,0.59442073,0.6651306,,,400.5015726920957,53454336,34800,0.00753958084998885,0.007251508,0.14836913,0.16621043,,,0.9738271,0.9738271,0.2434001,,,,,,,0.9040921,0.9040921,0.22601387,,,,,,,,,,,,,,,,,,,,,,,,,,,
0.9394335685908243,20.849500000042603,0.09653749558143318,0.09575149,0.603371,0.94956034,0.5249646,,0.09653749558143318,0.09575149,0.603371,0.94956034,0.5249646,,400.779599128329,53607936,34900,0.007469351559120692,0.0072484245,0.15061465,0.23729317,0.13122328,,,,,,,,,,,1.3747315,1.3747315,0.3436668,,,,,,,,,,,,,,,,,,,,,,,,,,,
1.0005463503543564,20.949500000042704,0.09663530826568605,0.09569854,0.60815823,0.7791575,,,0.09663530826568605,0.09569854,0.60815823,0.7791575,,,401.05597507356345,53761536,35000,0.007495212860521864,0.0072317994,0.15179281,0.19469485,,,0.5668583,0.5668583,0.14168814,,,,,,,,,,,,,,,,,,,,,,,,,,,,,,,,,,,,
0.959847700215297,21.049500000042812,0.09541893053799856,0.09448757,0.5947196,0.7961059,0.6199893,,0.09541893053799856,0.09448757,0.5947196,0.7961059,0.6199893,,401.33144222910613,53915136,35100,0.007451335813093475,0.007189813,0.14842562,0.19893786,0.15497676,,1.2501255,1.2501255,0.31244788,,,,,,,,,,,,,,,,,,,,,,,,,,,,,,,,,,,,
0.830441299571374,21.14950000004297,0.0958597488049418,0.09492798,0.6039832,0.9560855,,,0.0958597488049418,0.09492798,0.6039832,0.9560855,,,401.6075288733785,54068736,35200,0.007441712184809146,0.007180925,0.15076196,0.23891333,,,1.1650665,1.1650665,0.29120526,,,,,,,,,,,,,,,,,,,,,,,,,,,,,,,,,,,,
1.0562738725182914,21.24950000004307,0.09663485314697037,0.09588599,0.574873,0.8387685,,0.719862,0.09663485314697037,0.09588599,0.574873,0.8387685,,0.719862,401.8834686769322,54222336,35300,0.007462121219723475,0.0072516515,0.14349201,0.20959792,,0.17995086,0.9950521,0.9950521,0.24871957,,,,,,,,,,,,,,,,,,,0.98291814,0.98291814,0.24571621,,,,,,,,,,,,,,,
0.9754502504345345,21.349500000043193,0.09591863821726276,0.0950546,0.60053074,0.79729074,,,0.09591863821726276,0.0950546,0.60053074,0.79729074,,,402.15872761782464,54375936,35400,0.00747535222501028,0.0072322222,0.14988315,0.19923854,,,0.6856638,0.6856638,0.17137387,,,,,,,0.63647056,0.63647056,0.159111,,,,,,,,,,,,,,,,,,,,,,,,,,,
0.9485787606705424,20.696772277271037,0.09576244185687884,0.094963536,0.6060518,0.7734965,0.9225981,,0.09576244185687884,0.094963536,0.6060518,0.7734965,0.9225981,,402.4367666912054,54529536,35500,0.0075008410408327585,0.007277033,0.15128155,0.19328427,0.2306194,,0.3807137,0.3807137,0.09516019,,,,,,,,,,,,,,,,,,,,,,,,,,,,,,,,,,,,
0.9598675742238829,20.549500000043444,0.09569937716238192,0.09476377,0.5870883,0.8057401,0.9113915,,0.09569937716238192,0.09476377,0.5870883,0.8057401,0.9113915,,402.71320440956777,54683136,35600,0.007318662796460564,0.0070556337,0.14653622,0.20133519,0.22781582,,0.93523777,0.93523777,0.23375851,,,,,,,,,,,,,,,,,,,,,,,,,,,,,,,,,,,,
0.9436660184873358,20.649500000043574,0.09574564031325286,0.09489568,0.61787415,0.8485147,,,0.09574564031325286,0.09489568,0.61787415,0.8485147,,,402.98570477540204,54836736,35700,0.0073731809825403555,0.0071361577,0.15423962,0.21203372,,,,,,,,,,,,,,,,,,,,,,,,,,,,,,,,,,,,,,,,,
0.9853215637758522,20.749500000043685,0.09682216722518198,0.09572223,0.63139623,0.7820271,0.80124855,,0.09682216722518198,0.09572223,0.63139623,0.7820271,0.80124855,,403.26113738408094,54990336,35800,0.007590219939593229,0.0072828783,0.15760767,0.1954146,0.20028643,,0.77745223,0.77745223,0.19432573,,,,,,,,,,,,,,,,,,,1.3062031,1.3062031,0.32652915,,,,,,,,,,,,,,,
0.9095684825133339,20.849500000043825,0.09568953827023502,0.09481664,0.600901,0.8746614,,,0.09568953827023502,0.09481664,0.600901,0.8746614,,,403.53707562803686,55143936,35900,0.007386869214242322,0.0071424376,0.14998889,0.21856727,,,0.5701474,0.5701474,0.14250639,,,,,,,,,,,,,,,,,,,,,,,,,,,,,,,,,,,,
0.928842996640754,20.949500000043933,0.09566143423318857,0.094733775,0.58042234,0.7307089,0.7712647,,0.09566143423318857,0.094733775,0.58042234,0.7307089,0.7712647,,403.8121230856324,55297536,36000,0.007472344096458982,0.0072103534,0.14488344,0.18258813,0.19279604,,0.71110964,0.71110964,0.17774808,,,,,,,,,,,,,,,,,,,0.7873461,0.7873461,0.19682531,,,,,,,,,,,,,,,
0.8924569014606168,21.049500000044045,0.09527884375303972,0.09407922,0.5991028,0.7927006,,,0.09527884375303972,0.09407922,0.5991028,0.7927006,,,404.0846525748373,55451136,36100,0.007426611669943672,0.0070895823,0.14954571,0.19808513,,,,,,,,,,,,,,,,,,,,,,,,,,,,,,,,,,,,,,,,,
1.0448571305911167,21.149500000044167,0.09500941217876978,0.09411265,0.5998012,0.5931705,,,0.09500941217876978,0.09411265,0.5998012,0.5931705,,,404.3568919175266,55604736,36200,0.007410170665825733,0.007158102,0.14970957,0.14822197,,,0.9814788,0.9814788,0.2453154,,,,,,,0.7715356,0.7715356,0.19287471,,,,,,,,,,,,,,,,,,,,,,,,,,,
0.8897956772003999,21.240089108955182,0.09584646170387177,0.09503692,0.60632193,0.881971,0.9845389,,0.09584646170387177,0.09503692,0.60632193,0.881971,0.9845389,,404.63110213217277,55758336,36300,0.007489676488734001,0.007263321,0.15133555,0.22038925,0.24610147,,1.0433563,1.0433563,0.26078632,,,,,,,,,,,,,,,,,,,,,,,,,,,,,,,,,,,,
0.9733690194323464,20.349500000044433,0.09516925397329015,0.09430925,0.6132324,0.570267,,,0.09516925397329015,0.09430925,0.6132324,0.570267,,,404.90618010389744,55911936,36400,0.007479241405671924,0.007237753,0.15306525,0.14250994,,,0.75161445,0.75161445,0.18785948,,,,,,,,,,,,,,,,,,,,,,,,,,,,,,,,,,,,
0.9681631369303006,20.449500000044544,0.09589791836217064,0.09514448,0.57966226,0.7510411,,,0.09589791836217064,0.09514448,0.57966226,0.7510411,,,405.1777525554174,56065536,36500,0.007352407262951607,0.007140822,0.14467928,0.18767738,,,1.0637505,1.0637505,0.26587203,,,,,,,,,,,,,,,,,,,,,,,,,,,,,,,,,,,,
0.9288899209390854,20.5495000000447,0.09571590755134823,0.09483682,0.61095345,1.0805235,1.3548918,,0.09571590755134823,0.09483682,0.61095345,1.0805235,1.3548918,,405.4514971677103,56219136,36600,0.007460332404298249,0.0072154836,0.1524904,0.27001852,0.33867693,,0.57357407,0.57357407,0.1433648,,,,,,,,,,,,,,,,,,,0.8850374,0.8850374,0.22124706,,,,,,,,,,,,,,,
0.9141688041630996,20.649500000044785,0.09549329549074172,0.09441556,0.6007397,0.7605401,0.8128621,,0.09549329549074172,0.09441556,0.6007397,0.7605401,0.8128621,,405.7239363717659,56372736,36700,0.007467847544758108,0.0071656895,0.14994505,0.19004916,0.20318536,,1.5949863,1.5949863,0.39864478,,,,,,,,,,,,,,,,,,,,,,,,,,,,,,,,,,,,
0.9598836930427102,20.749500000044907,0.09501225957646958,0.094152294,0.60612154,0.82944036,0.44308433,,0.09501225957646958,0.094152294,0.60612154,0.82944036,0.44308433,,405.9976031182353,56526336,36800,0.0073838426609290865,0.0071439836,0.15128446,0.20726119,0.11075561,,1.0223131,1.0223131,0.25551528,,,,,,,0.6635891,0.6635891,0.1658903,,,,,,,,,,,,,,,,,,,,,,,,,,,
0.8889705239241481,20.84950000004505,0.09466223490424462,0.09378947,0.6024778,0.82060903,,0.9122512,0.09466223490424462,0.09378947,0.6024778,0.82060903,,0.9122512,406.2706189584567,56679936,36900,0.007325621075287921,0.007081794,0.15039942,0.20505959,,0.2280466,1.1551774,1.1551774,0.28873906,,,,,,,,,,,,,,,,,,,,,,,,,,,,,,,,,,,,
0.9123645206403039,20.94950000004515,0.09510926075279715,0.094189465,0.6038581,0.7552284,,,0.09510926075279715,0.094189465,0.6038581,0.7552284,,,406.54114953820397,56833536,37000,0.007408657596970438,0.007151028,0.15071176,0.18873356,,,0.63309747,0.63309747,0.15823707,1.0113869,1.0113869,0.25283977,,,,,,,,,,,,,,,,,,,,,,,,,,,,,,,,,
0.8709169214984224,21.049500000045285,0.09420927986502656,0.09340259,0.5461086,0.7638394,,,0.09420927986502656,0.09340259,0.5461086,0.7638394,,,406.8109461423877,56987136,37100,0.007350605277460994,0.0071218726,0.13630426,0.19087084,,,,,,,,,,,,,,,,,,,,,,,,,,,,,,,,,,,,,,,,,
0.9547642111754487,21.149500000045418,0.0952002560347317,0.0941403,0.63602465,0.7979105,1.1650634,,0.0952002560347317,0.0941403,0.63602465,0.7979105,1.1650634,,407.0810225612997,57140736,37200,0.007459627820062453,0.007164388,0.15876058,0.19938552,0.29122925,,0.6516242,0.6516242,0.16287418,,,,,,,,,,,,,,,,,,,,,,,,,,,,,,,,,,,,
0.8956675495209261,21.249500000045533,0.09434277839958671,0.09340129,0.61280054,0.6475006,0.9267565,,0.09434277839958671,0.09340129,0.61280054,0.6475006,0.9267565,,407.3523063394687,57294336,37300,0.007220298017200547,0.0069562066,0.15295428,0.16180617,0.23165663,,,,,,,,,,,,,,,,,,,,,,,,,,,,,,,,,,,,,,,,
0.9567637199444782,21.34950000004564,0.09448327405378226,0.09363068,0.6114402,0.71689,,,0.09448327405378226,0.09363068,0.6114402,0.71689,,,407.62207752194945,57447936,37400,0.007264787130989132,0.007026472,0.1526451,0.17913564,,,0.86921346,0.86921346,0.21725126,,,,,,,,,,,,,,,,,,,0.51949453,0.51949453,0.12986553,,,,,,,,,,,,,,,
0.8751979843971496,21.449500000045774,0.09393732761964205,0.093149625,0.568697,0.8206879,,,0.09393732761964205,0.093149625,0.568697,0.8206879,,,407.890816051386,57601536,37500,0.007160626061668154,0.006938273,0.14194502,0.20508896,,,0.8378503,0.8378503,0.20941442,,,,,,,,,,,,,,,,,,,,,,,,,,,,,,,,,,,,
0.8898966467770525,21.549500000045885,0.09408003515563888,0.09312875,0.6121942,0.6495521,,,0.09408003515563888,0.09312875,0.6121942,0.6495521,,,408.1611640350218,57755136,37600,0.007301308940805029,0.007034955,0.15279947,0.16231686,,,1.0049567,1.0049567,0.25118387,,,,,,,,,,,,,,,,,,,,,,,,,,,,,,,,,,,,
0.9873214672549742,21.481514851531166,0.09516008533906227,0.09409478,0.6439135,0.83200455,,,0.09516008533906227,0.09409478,0.6439135,0.83200455,,,408.42940050867156,57908736,37700,0.007430789114487832,0.007134827,0.16072364,0.20790762,,,0.9632864,0.9632864,0.24076596,,,,,,,,,,,,,,,,,,,,,,,,,,,,,,,,,,,,
0.9847002809090847,20.749500000046137,0.09474544590339058,0.093769215,0.65460163,0.76829743,,,0.09474544590339058,0.093769215,0.65460163,0.76829743,,,408.6994660869688,58062336,37800,0.007397383311763403,0.007125854,0.16339041,0.19198653,,,0.58664685,0.58664685,0.14662902,,,,,,,,,,,,,,,,,,,,,,,,,,,,,,,,,,,,
0.8904523967543241,20.84950000004626,0.09365492344833917,0.092662826,0.6153739,0.87663496,,,0.09365492344833917,0.092662826,0.6153739,0.87663496,,,408.96849765289363,58215936,37900,0.007322358174424157,0.0070446525,0.15360156,0.21905155,,,0.6544163,0.6544163,0.16357161,,,,,,,,,,,,,,,,,,,,,,,,,,,,,,,,,,,,
0.926617134495851,20.949500000046367,0.0938754839263856,0.09284942,0.59712106,0.89701325,1.2291615,,0.0938754839263856,0.09284942,0.59712106,0.89701325,1.2291615,,409.23905289527124,58369536,38000,0.0072790662574698265,0.0069921305,0.14904921,0.2241471,0.3072434,,0.60047513,0.60047513,0.15009376,,,,,,,,,,,,,,,,,,,0.59917456,0.59917456,0.14978513,,,,,,,,,,,,,,,
0.9105875902308139,21.049500000046496,0.09403919135220358,0.093147725,0.5961715,0.7839289,0.7225265,,0.09403919135220358,0.093147725,0.5961715,0.7839289,0.7225265,,409.5107852563863,58523136,38100,0.0072694279340794355,0.0070198798,0.14881757,0.19589153,0.18060794,,0.8794148,0.8794148,0.21981198,,,,,,,,,,,,,,,,,,,,,,,,,,,,,,,,,,,,
0.8872523901765417,21.149500000046626,0.09331289392430339,0.09248219,0.5778186,0.8146918,,,0.09331289392430339,0.09248219,0.5778186,0.8146918,,,409.77714234622357,58676736,38200,0.007211463536368675,0.006978587,0.14421405,0.20358512,,,0.96856904,0.96856904,0.24209088,,,,,,,,,,,,,,,,,,,,,,,,,,,,,,,,,,,,
0.9366686065009274,21.24950000004674,0.09367595082148904,0.092762195,0.6203658,0.72431105,0.4638928,0.6684221,0.09367595082148904,0.092762195,0.6203658,0.72431105,0.4638928,0.6684221,410.0433129755446,58830336,38300,0.00727201980451355,0.007016706,0.15484625,0.18099527,0.11595568,0.1670905,0.8897666,0.8897666,0.2223978,,,,,,,,,,,,,,,,,,,,,,,,,,,,,,,,,,,,
0.8891623366279154,21.349500000046888,0.09348760040476925,0.092632085,0.5892016,0.9041999,,,0.09348760040476925,0.092632085,0.5892016,0.9041999,,,410.31124367388884,58983936,38400,0.007105080383189485,0.006865427,0.14707068,0.2259556,,,0.8748025,0.8748025,0.21864383,,,,,,,,,,,,,,,,,,,,,,,,,,,,,,,,,,,,
0.9832588588038768,21.449500000047014,0.09340101530775416,0.09240553,0.5816794,0.69817865,1.0833906,,0.09340101530775416,0.09240553,0.5816794,0.69817865,1.0833906,,410.5798056684131,59137536,38500,0.00735137095267419,0.007071815,0.14519471,0.17445716,0.27081636,,,,,,,,,,,,,,,,,,,,,,,,,,,,,,,,,,,,,,,,
0.9616816576808427,21.272495049552077,0.09371656157297675,0.0927208,0.59483093,0.7514697,0.742471,,0.09371656157297675,0.0927208,0.59483093,0.7514697,0.742471,,410.84534775862556,59291136,38600,0.007278345675970717,0.006999173,0.1484704,0.18777937,0.18559554,,0.7306887,0.7306887,0.18263644,,,,,,,,,,,,,,,,,,,,,,,,,,,,,,,,,,,,
0.8526118491975103,20.64950000004723,0.0939429866708817,0.09286306,0.609644,0.96188706,,,0.0939429866708817,0.09286306,0.609644,0.96188706,,,411.11160055046776,59444736,38700,0.0073068173805950305,0.007004949,0.15217485,0.24036098,,,0.7301344,0.7301344,0.18249196,,,,,,,,,,,,,,,,,,,,,,,,,,,,,,,,,,,,
0.8888388107554819,20.749500000047366,0.09358530294150132,0.09255021,0.60424995,0.7609002,,,0.09358530294150132,0.09255021,0.60424995,0.7609002,,,411.3789018083189,59598336,38800,0.007329891684639732,0.007040465,0.15083975,0.19013986,,,0.73875844,0.73875844,0.18464136,,,,,,,,,,,,,,,,,,,,,,,,,,,,,,,,,,,,
0.9863887001065486,20.849500000047488,0.09251001341268429,0.09184142,0.57604015,0.97969556,,,0.09251001341268429,0.09184142,0.57604015,0.97969556,,,411.64849168486853,59751936,38900,0.007160579331684858,0.0069722636,0.1437781,0.24482645,,,,,,,,,,,,,,,,,,,,,,,,,,,,,,,,,,,,,,,,,
0.9717147272497896,20.9495000000476,0.09315726693719616,0.09228961,0.625301,0.9168561,0.79887366,,0.09315726693719616,0.09228961,0.625301,0.9168561,0.79887366,,411.91655735285383,59905536,39000,0.007166008909407544,0.0069250385,0.15607688,0.22911558,0.19969042,,0.86834574,0.86834574,0.21703741,,,,,,,,,,,,,,,,,,,,,,,,,,,,,,,,,,,,
0.9513490552390715,21.04950000004773,0.09384159676730627,0.09290496,0.5667322,0.7098396,,1.0624213,0.09384159676730627,0.09290496,0.5667322,0.7098396,,1.0624213,412.1827771439112,60059136,39100,0.007174669098458252,0.0069107357,0.14144978,0.17738137,,0.26558018,1.1534677,1.1534677,0.28830642,,,,,,,,,,,,,,,,,,,0.6693963,0.6693963,0.16733927,,,,,,,,,,,,,,,
0.9213609964778542,21.14950000004784,0.0937477714288981,0.09287646,0.5974674,0.8761988,,,0.0937477714288981,0.09287646,0.5974674,0.8761988,,,412.4482707111615,60212736,39200,0.007124853142886422,0.00688111,0.14913805,0.21894735,,,1.3392656,1.3392656,0.33472866,,,,,,,,,,,,,,,,,,,,,,,,,,,,,,,,,,,,
0.9608357299467294,21.24950000004797,0.09288627659901967,0.09184364,0.58709854,0.69392276,1.5771596,,0.09288627659901967,0.09184364,0.58709854,0.69392276,1.5771596,,412.71358823719106,60366336,39300,0.007242526477202768,0.0069509163,0.14653397,0.17340624,0.3942414,,0.77406055,0.77406055,0.1934779,,,,,,,,,,,,,,,,,,,,,,,,,,,,,,,,,,,,
0.9032779793809272,21.349500000048074,0.09312356971204282,0.09223275,0.5656467,0.95067906,0.68207157,1.3711755,0.09312356971204282,0.09223275,0.5656467,0.95067906,0.68207157,1.3711755,412.9798520424931,60519936,39400,0.007188603818940457,0.0069394857,0.14116098,0.23756242,0.17049478,0.34276402,1.3283254,1.3283254,0.33201203,,,,,,,,,,,,,,,,,,,,,,,,,,,,,,,,,,,,
0.946033526630203,21.44950000004822,0.09241166624240578,0.091616355,0.57845896,0.60054266,1.0293489,,0.09241166624240578,0.091616355,0.57845896,0.60054266,1.0293489,,413.2456200755512,60673536,39500,0.007225002383929668,0.0070009623,0.14440548,0.1500699,0.2573003,,0.33121753,0.33121753,0.082783535,,,,,,,,,,,,,,,,,,,,,,,,,,,,,,,,,,,,
0.9500735611752897,21.54950000004833,0.09228493690025073,0.09130978,0.61764413,0.69383794,,0.82404274,0.09228493690025073,0.09130978,0.61764413,0.69383794,,0.82404274,413.5108613249389,60827136,39600,0.007050490375258959,0.0067782574,0.15416971,0.17338525,,0.20599473,0.6755276,0.6755276,0.168852,,,,,,,,,,,,,,,,,,,0.8353912,0.8353912,0.2088336,,,,,,,,,,,,,,,
0.878239613498365,21.412138613909857,0.09335607305943683,0.09247884,0.5589351,0.70500356,,2.4147596,0.09335607305943683,0.09247884,0.5589351,0.70500356,,2.4147596,413.77316909369955,60980736,39700,0.007173653309334918,0.006927641,0.13950488,0.17616336,,0.60364425,0.89845276,0.89845276,0.22456105,,,,,,,,,,,,,,,,,,,,,,,,,,,,,,,,,,,,
0.9686367289511649,20.749500000048577,0.09212950841058008,0.09115987,0.6016433,0.80868053,,0.78127307,0.09212950841058008,0.09115987,0.6016433,0.80868053,,0.78127307,414.0354680874486,61134336,39800,0.007190621232730346,0.006920157,0.15017998,0.20208031,,0.195301,,,,,,,,,,,,,,,,,,,,,,,,,,,,,,,,,,,,,,,
0.8309612111424677,20.849500000048707,0.09223246502690033,0.0913709,0.6107201,0.8291577,,,0.09223246502690033,0.0913709,0.6107201,0.8291577,,,414.30160237274293,61287936,39900,0.00723635297617875,0.006996572,0.1524393,0.20718884,,,0.63774145,0.63774145,0.15941018,,,,,,,,,,,,,,,,,,,,,,,,,,,,,,,,,,,,
1.0062345509273596,20.949500000048822,0.09258050096221249,0.091710284,0.5486546,0.82226086,,,0.09258050096221249,0.091710284,0.5486546,0.82226086,,,414.56646088460013,61441536,40000,0.007125055092328692,0.00687931,0.13696152,0.205475,,,0.8142369,0.8142369,0.20352319,,,,,,,,,,,,,,,,,,,,,,,,,,,,,,,,,,,,
0.9593677988433119,21.04950000004895,0.09159414430148888,0.09086708,0.56725997,0.8166444,1.0334965,,0.09159414430148888,0.09086708,0.56725997,0.8166444,1.0334965,,414.8308150522404,61595136,40100,0.007113744149683046,0.006910104,0.14159477,0.2040756,0.25833672,,1.3340433,1.3340433,0.3334448,,,,,,,,,,,,,,,,,,,,,,,,,,,,,,,,,,,,
0.9151742743197748,21.14950000004907,0.09223808568902317,0.09148918,0.54678094,0.8965471,0.953611,1.3632787,0.09223808568902317,0.09148918,0.54678094,0.8965471,0.953611,1.3632787,415.09156657792334,61748736,40200,0.007177209899527955,0.0069667855,0.13646697,0.22405398,0.23837252,0.3407943,0.5360522,0.5360522,0.1339792,,,,,,,,,,,,,,,,,,,,,,,,,,,,,,,,,,,,
0.9738375245636757,21.249500000049213,0.09288638780824852,0.0917655,0.6189517,0.8256541,,,0.09288638780824852,0.0917655,0.6189517,0.8256541,,,415.35459415311703,61902336,40300,0.007213164425047593,0.00690127,0.15450434,0.20630968,,,0.9076222,0.9076222,0.22686084,,,,,,,,,,,,,,,,,,,,,,,,,,,,,,,,,,,,
0.9030344167201017,21.349500000049304,0.09230045380070805,0.09151603,0.6145368,0.7055097,0.68740916,,0.09230045380070805,0.09151603,0.6145368,0.7055097,0.68740916,,415.61794348799987,62055936,40400,0.007130408549855928,0.006910926,0.15341516,0.17630072,0.17182939,,,,,,,,,,,,,,,,,,,,,,,,,,,,,,,,,,,,,,,,
0.8988566023661947,21.449500000049433,0.09133832708932463,0.090399384,0.6099819,1.0141109,,,0.09133832708932463,0.090399384,0.6099819,1.0141109,,,415.88057282862866,62209536,40500,0.007078457167372115,0.006818341,0.15226528,0.2534183,,,,,,,,,,,,,,,,,,,,,,,,1.1383637,1.1383637,0.28457218,,,,,,,,,,,,,,,
0.9187031790483502,21.549500000049544,0.09193661307450368,0.09092005,0.6329084,0.8065574,1.2459172,,0.09193661307450368,0.09092005,0.6329084,0.8065574,1.2459172,,416.13973563493914,62363136,40600,0.007147680868511088,0.0068652676,0.15800022,0.20153844,0.31144434,,0.55015695,0.55015695,0.13750818,,,,,,,,,,,,,,,,,,,0.5746211,0.5746211,0.14364636,,,,,,,,,,,,,,,
0.9187086013877674,21.283297029752664,0.09190502788613329,0.09099056,0.60222137,0.74994063,0.6591867,0.34037742,0.09190502788613329,0.09099056,0.60222137,0.74994063,0.6591867,0.34037742,416.4021945623213,62516736,40700,0.0071686819540959104,0.0069128587,0.15032129,0.18741207,0.16477516,0.08508618,0.79339355,0.79339355,0.19831231,,,,,,,,,,,,,,,,,,,,,,,,,,,,,,,,,,,,
0.9870620025606489,20.749500000049785,0.09229017902165637,0.09108723,0.6322589,0.8238147,,,0.09229017902165637,0.09108723,0.6322589,0.8238147,,,416.6637298469579,62670336,40800,0.007152987088775261,0.006820029,0.15783246,0.20585936,,,0.8013445,0.8013445,0.20029253,,,,,,,,,,,,,,,,,,,1.6194347,1.6194347,0.40483436,,,,,,,,,,,,,,,
0.9125279572796325,20.849500000049936,0.09197343425825219,0.09106355,0.6165997,0.9187252,,,0.09197343425825219,0.09106355,0.6165997,0.9187252,,,416.92630373233044,62823936,40900,0.007040394979412663,0.00678725,0.15390193,0.2295708,,,0.31532437,0.31532437,0.0788187,,,,,,,,,,,,,,,,,,,,,,,,,,,,,,,,,,,,
0.8537154183429742,20.94950000005006,0.09110660059377562,0.0903517,0.6228484,0.76786697,0.6990771,,0.09110660059377562,0.0903517,0.6228484,0.76786697,0.6990771,,417.1899986508717,62977536,41000,0.007014875852328262,0.006804738,0.15546349,0.19187897,0.1747486,,0.80727744,0.80727744,0.20177607,,,,,,,,,,,,,,,,,,,,,,,,,,,,,,,,,,,,
0.8426263430989109,21.049500000050163,0.09147418857552116,0.09048889,0.6014003,0.67772114,1.2027794,,0.09147418857552116,0.09048889,0.6014003,0.67772114,1.2027794,,417.45395247213054,63131136,41100,0.007021927679597863,0.0067473613,0.1501209,0.16935714,0.3006556,,0.91167253,0.91167253,0.2278645,,,,,,,,,,,,,,,,,,,,,,,,,,,,,,,,,,,,
0.9705813151079715,21.149500000050296,0.09206931708380578,0.09099396,0.6009812,0.81077313,1.0493078,,0.09206931708380578,0.09099396,0.6009812,0.81077313,1.0493078,,417.7152358479891,63284736,41200,0.0071562313364120275,0.0068555283,0.15000942,0.2025944,0.26228818,,0.68092275,0.68092275,0.17018972,,,,,,,,,,,,,,,,,,,,,,,,,,,,,,,,,,,,
0.9301599140711067,21.24950000005042,0.0920232495060191,0.09106546,0.56979406,0.78453314,0.867572,,0.0920232495060191,0.09106546,0.56979406,0.78453314,0.867572,,417.9762561540619,63438336,41300,0.00712307160778436,0.0068543795,0.14222609,0.19605166,0.21686324,,0.9017955,0.9017955,0.22539203,,,,,,,,,,,,,,,,,,,,,,,,,,,,,,,,,,,,
0.9379621213894044,21.349500000050547,0.09195223913528021,0.09090733,0.61152875,0.7553181,,0.78726184,0.09195223913528021,0.09090733,0.61152875,0.7553181,,0.78726184,418.2363322219323,63591936,41400,0.007031737951037932,0.0067395926,0.1526475,0.1887427,,0.196796,,,,,,,,,,,,,,,,,,,,,,,,,,,,,,,,,,,,,,,
0.8607229050141253,21.449500000050662,0.09182668913155785,0.09068933,0.60204196,0.7781958,1.2135104,,0.09182668913155785,0.09068933,0.60204196,0.7781958,1.2135104,,418.4961604187893,63745536,41500,0.007212373531365299,0.006896176,0.15027733,0.19446468,0.303341,,0.8145811,0.8145811,0.20360112,,,,,,,,,,,,,,,,,,,,,,,,,,,,,,,,,,,,
0.9465789735291361,21.549500000050777,0.09093617708422233,0.09012177,0.62936014,0.90641135,,,0.09093617708422233,0.09012177,0.62936014,0.90641135,,,418.75535623344933,63899136,41600,0.006957191372639493,0.0067312852,0.1571014,0.22650805,,,0.7652084,0.7652084,0.19126424,,,,,,,,,,,,,,,,,,,,,,,,,,,,,,,,,,,,
0.9199168388205602,21.649500000050875,0.09220492435619237,0.091385014,0.61163956,0.7247316,,,0.09220492435619237,0.091385014,0.61163956,0.7247316,,,419.01356390725897,64052736,41700,0.007092405557050368,0.0068629626,0.15266559,0.18109253,,,0.84916115,0.84916115,0.21223842,,,,,,,,,,,,,,,,,,,,,,,,,,,,,,,,,,,,
0.9167524966118386,21.581514851536205,0.09110793520207756,0.08995452,0.5764279,0.736473,,,0.09110793520207756,0.08995452,0.5764279,0.736473,,,419.2738563818406,64206336,41800,0.007089832904840827,0.006766419,0.1438752,0.18403053,,,0.9803628,0.9803628,0.2450296,,,,,,,,,,,,,,,,,,,,,,,,,,,,,,,,,,,,
0.9745175425993216,20.84950000005115,0.09149755919352198,0.09053988,0.6354914,0.8165642,1.5656852,,0.09149755919352198,0.09053988,0.6354914,0.8165642,1.5656852,,419.52940652372473,64359936,41900,0.006995918231841638,0.006730773,0.15864299,0.2040441,0.39136538,,1.0416435,1.0416435,0.26036042,,,,,,,,,,,,,,,,,,,,,,,,,,,,,,,,,,,,
0.9956870163066487,20.949500000051277,0.09213154328987025,0.09128997,0.59429854,0.87324375,,,0.09213154328987025,0.09128997,0.59429854,0.87324375,,,419.7890599070418,64513536,42000,0.0070815990812843664,0.0068464596,0.1483513,0.21819884,,,1.1231341,1.1231341,0.28071377,,,,,,,,,,,,,,,,,,,0.98646915,0.98646915,0.24660063,,,,,,,,,,,,,,,
0.9244456818092874,21.049500000051385,0.09132408313453184,0.09024042,0.6175692,0.7776782,1.0321624,,0.09132408313453184,0.09024042,0.6175692,0.7776782,1.0321624,,420.0467584019476,64667136,42100,0.007138500350120009,0.006837256,0.15416196,0.19432785,0.25801253,,0.8628348,0.8628348,0.21566656,,,,,,,,,,,,,,,,,,,,,,,,,,,,,,,,,,,,
0.857403944598517,21.149500000051503,0.0909472824959085,0.090054706,0.5855146,0.7903429,,,0.0909472824959085,0.090054706,0.5855146,0.7903429,,,420.3060826601431,64820736,42200,0.007071467380737887,0.006822604,0.146158,0.19748771,,,0.8899579,0.8899579,0.22244313,,,,,,,,,,,,,,,,,,,,,,,,,,,,,,,,,,,,
0.9520192347917983,21.249500000051633,0.09082858537323756,0.09002007,0.5885503,0.7776938,,,0.09082858537323756,0.09002007,0.5885503,0.7776938,,,420.5638835841629,64974336,42300,0.006977182137779895,0.0067519275,0.14691356,0.19433598,,,0.8790505,0.8790505,0.21972057,,,,,,,,,,,,,,,,,,,,,,,,,,,,,,,,,,,,
0.886644916935428,21.349500000051744,0.09099239950068304,0.090012744,0.61396265,0.7582008,0.82502747,,0.09099239950068304,0.090012744,0.61396265,0.7582008,0.82502747,,420.82170895987207,65127936,42400,0.00693752745253733,0.0066649597,0.15324035,0.18946493,0.20623133,,,,,,,,,,,,,,1.2860994,1.2860994,0.32151398,,,,,,,,,,,,,,,,,,,,,,,,
0.9012757525762242,21.449500000051874,0.09064280418679124,0.089703925,0.577077,0.8435765,0.9239259,,0.09064280418679124,0.089703925,0.577077,0.8435765,0.9239259,,421.07896656088485,65281536,42500,0.0069519899354782,0.006690954,0.14403602,0.21080078,0.23095405,,1.3935506,1.3935506,0.34829935,,,,,,,,,,,,,,,,,,,0.52625346,0.52625346,0.13155556,,,,,,,,,,,,,,,
0.8543840116200178,21.104009901042097,0.09079871717655995,0.08973235,0.6347584,0.7590417,,0.75472355,0.09079871717655995,0.08973235,0.6347584,0.7590417,,0.75472355,421.33781141094767,65435136,42600,0.006990579235837742,0.0066945944,0.15843534,0.18966873,,0.18866494,0.63841337,0.63841337,0.15956855,,,,,,,,,,,,,,,,,,,,,,,,,,,,,,,,,,,,
0.8906058269053299,20.649500000052118,0.09142177955247455,0.0905401,0.5968846,0.789935,,,0.09142177955247455,0.0905401,0.5968846,0.789935,,,421.59482810631033,65588736,42700,0.0070269928302150175,0.0067819664,0.14897285,0.19738644,,,1.2010472,1.2010472,0.30020016,,,,,,,,,,,,,,,,,,,,,,,,,,,,,,,,,,,,
0.9441483119664354,20.749500000052258,0.0911175119737163,0.08998501,0.6293873,0.8300228,,,0.0911175119737163,0.08998501,0.6293873,0.8300228,,,421.8506143507392,65742336,42800,0.006933284159458706,0.006619727,0.15709476,0.20740485,,,1.2993261,1.2993261,0.32474804,,,,,,,,,,,,,,,,,,,,,,,,,,,,,,,,,,,,
0.908765459864658,20.84950000005237,0.09050262642558647,0.089511536,0.6065239,0.7895286,,,0.09050262642558647,0.089511536,0.6065239,0.7895286,,,422.11009154284903,65895936,42900,0.006910322172334409,0.0066347285,0.15139008,0.19729847,,,0.8607544,0.8607544,0.21514878,,,,,,,,,,1.1969081,1.1969081,0.2992161,,,,,,,0.47849756,0.47849756,0.11961649,,,,,,,,,,,,,,,
0.940012803102313,20.94950000005249,0.09082499320153145,0.08991583,0.5668863,0.79460937,,,0.09082499320153145,0.08991583,0.5668863,0.79460937,,,422.36676830875894,66049536,43000,0.006894652562332344,0.0066391993,0.14149296,0.19855903,,,0.65268695,0.65268695,0.16313511,,,,,,,,,,,,,,,,,,,,,,,,,,,,,,,,,,,,
1.0023634642977217,21.04950000005262,0.0903840490756556,0.08951027,0.5551039,0.7163676,,,0.0903840490756556,0.08951027,0.5551039,0.7163676,,,422.6245645491543,66203136,43100,0.00702115989348385,0.0067753578,0.13856936,0.17901702,,,0.98671454,0.98671454,0.24662022,,,,,,,,,,,,,,,,,,,,,,,,,,,,,,,,,,,,
0.88591233902115,21.14950000005273,0.08981652347370973,0.089018665,0.5934789,1.0509148,0.8806188,,0.08981652347370973,0.089018665,0.5934789,1.0509148,0.8806188,,422.8821898174715,66356736,43200,0.006800471759343056,0.006578218,0.14813402,0.26260096,0.2201246,,0.9014883,0.9014883,0.22531986,,,,,,,,,,,,,,,,,,,,,,,,,,,,,,,,,,,,
0.9639145800162076,21.24950000005285,0.09089425120502734,0.09011647,0.618198,0.7858437,,,0.09089425120502734,0.09011647,0.618198,0.7858437,,,423.13904881171453,66510336,43300,0.006980694046651475,0.0067645945,0.15431482,0.19638222,,,1.0307915,1.0307915,0.25764292,,,,,,,,,,,,,,,,,,,,,,,,,,,,,,,,,,,,
0.9420990710076278,20.913920792132185,0.09032040866700428,0.08942189,0.57681537,0.76016176,1.1624417,,0.09032040866700428,0.08942189,0.57681537,0.76016176,1.1624417,,423.3966523892141,66663936,43400,0.006935792778028491,0.006685496,0.1439774,0.18993296,0.29057738,,0.9034375,0.9034375,0.22580665,,,,,,,,,,,,,,,,,,,,,,,,,,,,,,,,,,,,
0.8168924604918769,20.449500000053114,0.08962334815412747,0.08871141,0.5928938,0.8167029,0.9764402,0.99772644,0.08962334815412747,0.08871141,0.5928938,0.8167029,0.9764402,0.99772644,423.6535883914753,66817536,43500,0.006845073583535844,0.0065909536,0.14799269,0.20408615,0.24407926,0.2494098,1.1295311,1.1295311,0.2823052,,,,,,,,,,,,,,,,,,,,,,,,,,,,,,,,,,,,
0.935605863770565,20.549500000053236,0.08989851196296521,0.088860966,0.5864404,0.62734,1.2957942,,0.08989851196296521,0.088860966,0.5864404,0.62734,1.2957942,,423.9087269412937,66971136,43600,0.006828288659453389,0.0065384167,0.14637761,0.15676653,0.32390723,,0.7448745,0.7448745,0.18617278,,,,,,,,,,,,,,,,,,,1.1829823,1.1829823,0.29572567,,,,,,,,,,,,,,,
0.8684703152454772,20.64950000005334,0.08995975916273896,0.089101896,0.6188149,0.69838536,,0.8737024,0.08995975916273896,0.089101896,0.6188149,0.69838536,,0.8737024,424.16177888323034,67124736,43700,0.007056681739340994,0.0068183853,0.1544512,0.17451662,,0.2184066,0.6118466,0.6118466,0.15292381,,,,,,,,,,,,,,,,,,,,,,,,,,,,,,,,,,,,
0.8883602210917484,20.749500000053466,0.09041055093519404,0.08958468,0.5717198,0.75147045,1.02215,0.58028674,0.09041055093519404,0.08958468,0.5717198,0.75147045,1.02215,0.58028674,424.4186777273175,67278336,43800,0.0068796721776016095,0.006648058,0.14271002,0.18777147,0.2555103,0.1450597,,,,,,,,,,,,,,,,,,,,,,,,,,,,,,,,,,,,,,,
0.8686496544240807,20.84950000005359,0.0897044202079997,0.08881314,0.57779956,0.67942834,1.0960542,,0.0897044202079997,0.08881314,0.57779956,0.67942834,1.0960542,,424.671730671207,67431936,43900,0.006937924663652656,0.006688107,0.14422613,0.16978253,0.2739815,,0.5635974,0.5635974,0.14086327,,,,,,,,,,,,,,,,,,,,,,,,,,,,,,,,,,,,
0.8976981321669097,20.949500000053703,0.08975451423786604,0.088933215,0.6167171,0.5989662,,,0.08975451423786604,0.088933215,0.6167171,0.5989662,,,424.92858181121875,67585536,44000,0.006847698765050156,0.0066188592,0.15395263,0.14966431,,,0.77830195,0.77830195,0.19453402,,,,,,,,,,,,,,,,,,,,,,,,,,,,,,,,,,,,
0.9980149171574411,21.049500000053833,0.09065542866010229,0.08973751,0.58756876,0.862136,,,0.09065542866010229,0.08973751,0.58756876,0.862136,,,425.1827993749591,67739136,44100,0.006950185851019337,0.0066930912,0.14666234,0.2154294,,,0.88139164,0.88139164,0.22029372,,,,,,,,,,,,,,,,,,,,,,,,,,,,,,,,,,,,
0.9187249212131723,21.149500000053937,0.08968164003454149,0.08868514,0.60419494,0.8267586,,0.9485442,0.08968164003454149,0.08868514,0.60419494,0.8267586,,0.9485442,425.4381225237758,67892736,44200,0.006964438143477309,0.0066869017,0.15079771,0.20659237,,0.23711467,0.9066262,0.9066262,0.22660242,,,,,,,,,,,,,,,,,,,,,,,,,,,,,,,,,,,,
0.8953015429015744,21.249500000054073,0.08912933925632383,0.08829887,0.57304984,0.6367814,0.88519186,0.85012996,0.08912933925632383,0.08829887,0.57304984,0.6367814,0.88519186,0.85012996,425.6939588849743,68046336,44300,0.006901178329426333,0.0066689965,0.14303349,0.15912062,0.2212723,0.21251628,0.9792826,0.9792826,0.24475694,,,,,,,1.1577773,1.1577773,0.2894328,,,,,,,,,,,,,,,,,,,,,,,,,,,
0.8884184915820552,21.34950000005421,0.08963411840610208,0.088622846,0.6378046,0.81797314,,1.1848266,0.08963411840610208,0.088622846,0.6378046,0.81797314,,1.1848266,425.9466124033576,68199936,44400,0.006960369910812008,0.0066810623,0.15920982,0.20439905,,0.2961825,0.7581427,0.7581427,0.18949449,,,,,,,,,,,,,,,,,,,,,,,,,,,,,,,,,,,,
0.9441287379030786,21.449500000054332,0.08932775589171796,0.08844517,0.59215313,0.8878975,1.1618404,,0.08932775589171796,0.08844517,0.59215313,0.8878975,1.1618404,,426.2005452284742,68353536,44500,0.00691301967774051,0.0066677895,0.1478091,0.22186756,0.2904222,,0.76540005,0.76540005,0.1913082,,,,,,,,,,,,,,,,,,,,,,,,,,,,,,,,,,,,
0.9432621639460177,21.302227722826707,0.08896748538562425,0.08797787,0.61101806,0.8773977,,,0.08896748538562425,0.08797787,0.61101806,0.8773977,,,426.45488564841264,68507136,44600,0.0068004526550037876,0.006526138,0.15250976,0.21925434,,,0.9771534,0.9771534,0.24423273,,,,,,,,,,,,,,,,,,,,,,,,,,,,,,,,,,,,
0.9783688852095352,20.649500000054555,0.09009640410076837,0.08916856,0.606084,0.73957163,0.7205559,,0.09009640410076837,0.08916856,0.606084,0.73957163,0.7205559,,426.71046346916273,68660736,44700,0.006827905977552293,0.006568901,0.15128712,0.18480043,0.18011795,,0.8558973,0.8558973,0.21393251,,,,,,,,,,,,,,,,,,,,,,,,,,,,,,,,,,,,
0.7973759847501167,20.749500000054688,0.08861662396229791,0.08783556,0.5688344,0.73429847,0.38448495,1.0141629,0.08861662396229791,0.08783556,0.5688344,0.73429847,0.38448495,1.0141629,426.9640657601493,68814336,44800,0.0069031078318948814,0.006684787,0.14199173,0.18349485,0.09610632,0.2535221,,,,,,,,,,1.0198247,1.0198247,0.2549438,,,,,,,,,,,,,,,,,,,,,,,,,,,
0.9651861456967358,20.849500000054817,0.08992463099770252,0.0888584,0.5941108,0.67069525,,,0.08992463099770252,0.0888584,0.5941108,0.67069525,,,427.21654060318065,68967936,44900,0.006952952377905601,0.0066547045,0.14828543,0.16759393,,,0.7068289,0.7068289,0.17666928,,,,,,,,,,,,,,,,,,,,,,,,,,,,,,,,,,,,
0.9532505997626868,20.949500000054922,0.08885330497287207,0.08785815,0.6239622,0.9124508,,,0.08885330497287207,0.08785815,0.6239622,0.9124508,,,427.4673062334067,69121536,45000,0.006871357650670687,0.006597357,0.1557541,0.22800307,,,1.0316075,1.0316075,0.2578471,,,,,,,,,,,,,,,,,,,,,,,,,,,,,,,,,,,,
0.8460274570123828,21.04950000005506,0.0885255739651622,0.08786099,0.574538,0.7800872,,,0.0885255739651622,0.08786099,0.574538,0.7800872,,,427.72083322889074,69275136,45100,0.006830273667583236,0.0066442774,0.143403,0.19493334,,,0.78411674,0.78411674,0.19599757,,,,,,,,,,,,,,,,,,,,,,,,,,,,,,,,,,,,
0.9380518118243297,21.1495000000552,0.08963828122243289,0.08867938,0.61008203,0.8425913,,0.9935479,0.08963828122243289,0.08867938,0.61008203,0.8425913,,0.9935479,427.9727871489938,69428736,45200,0.006972461701079737,0.006705913,0.15229109,0.21054406,,0.24836656,0.93450147,0.93450147,0.23357676,,,,,,,,,,,,,,,,,,,,,,,,,,,,,,,,,,,,
0.9262365590329217,21.249500000055317,0.08909611889161163,0.08793962,0.5995921,0.71830195,1.2475427,1.4050875,0.08909611889161163,0.08793962,0.5995921,0.71830195,1.2475427,1.4050875,428.22668944383423,69582336,45300,0.006920883503044031,0.006599449,0.1496512,0.17949429,0.31185102,0.35123938,0.6421455,0.6421455,0.16050375,,,,,,,,,,,,,,,,,,,,,,,,,,,,,,,,,,,,
0.9003503307755494,21.34950000005542,0.08901456244289871,0.08826852,0.5753659,0.87220794,,,0.08901456244289871,0.08826852,0.5753659,0.87220794,,,428.4782437768955,69735936,45400,0.006766537417424838,0.006558356,0.14361446,0.2179541,,,0.7698945,0.7698945,0.1924291,,,,,,,,,,,,,,,,,,,,,,,,,,,,,,,,,,,,
0.8758172063092176,21.449500000055558,0.08934916562866406,0.088289596,0.61837494,0.8576669,0.7607715,,0.08934916562866406,0.088289596,0.61837494,0.8576669,0.7607715,,428.73056852553225,69889536,45500,0.006930248271382879,0.006637448,0.15435626,0.21431513,0.19017118,,0.7920437,0.7920437,0.19796923,,,,,,,1.0733786,1.0733786,0.26833266,,,,,,,,,,,,,,,,,,,,,,,,,,,
0.8698457376528578,21.42115841589726,0.08911704260505518,0.08812819,0.60434526,0.7528963,,0.8133879,0.08911704260505518,0.08812819,0.60434526,0.7528963,,0.8133879,428.98229236003874,70043136,45600,0.006904364330117768,0.0066293934,0.15083146,0.18814108,,0.20332867,0.5250057,0.5250057,0.13121882,,,,,,,,,,,,,,,,,,,,,,,,,,,,,,,,,,,,
0.9454502597744365,20.649500000055777,0.08921368001960195,0.08813877,0.5879232,0.75878483,,,0.08921368001960195,0.08813877,0.5879232,0.75878483,,,429.23169035725124,70196736,45700,0.006864419616176744,0.0065639974,0.14675817,0.18959896,,,0.59327924,0.59327924,0.14828119,,,,,,,,,,,,,,,,,,,,,,,,,,,,,,,0.9325942,0.9325942,0.23314492,,,
0.9338665277009497,20.74950000005592,0.0879989810287953,0.087107524,0.60184807,0.7000411,,,0.0879989810287953,0.087107524,0.60184807,0.7000411,,,429.48473479732564,70350336,45800,0.006887478186690708,0.006639265,0.15022309,0.17493106,,,0.6664181,0.6664181,0.16657214,,,,,,,,,,,,,,,,,,,0.6049041,0.6049041,0.15121564,,,,,,,,,,,,,,,
0.8383123429193854,20.849500000056043,0.08893811802845436,0.08802886,0.58985025,0.79356706,0.7383627,,0.08893811802845436,0.08802886,0.58985025,0.79356706,0.7383627,,429.7379141318398,70503936,45900,0.006762115500168884,0.006508831,0.14721811,0.19830072,0.18457198,,0.6912869,0.6912869,0.17278053,,,,,,,,,,,,,,,,,,,,,,,,,,,,,,,,,,,,
0.8654997254320824,20.94950000005617,0.08877935480326413,0.087695114,0.58505714,0.7561437,,,0.08877935480326413,0.087695114,0.58505714,0.7561437,,,429.9878840275007,70657536,46000,0.006852200244320559,0.006549531,0.14603142,0.18894503,,,0.6294649,0.6294649,0.15733282,,,,,,,,,,,,,,,,,,,,,,,,,,,,,,,,,,,,
0.9222734601978834,21.049500000056277,0.08863624399062235,0.08763029,0.58542854,0.7703243,1.2954111,0.8273193,0.08863624399062235,0.08763029,0.58542854,0.7703243,1.2954111,0.8273193,430.2391941404711,70811136,46100,0.006843362917425113,0.0065629925,0.1461469,0.19247904,0.32381365,0.20681173,0.886112,0.886112,0.22147626,,,,,,,,,,,,,,,,,,,,,,,,,,,,,,,,,,,,
0.9572200314621093,21.14950000005641,0.08881328557617953,0.08770714,0.618426,0.7181872,0.47432703,,0.08881328557617953,0.08770714,0.618426,0.7181872,0.47432703,,430.48792734719706,70964736,46200,0.006844324805133506,0.0065372204,0.15436967,0.17945999,0.11856423,,1.0775236,1.0775236,0.26932418,,,,,,,,,,,,,,,,,,,,,,,,,,,,,,,,,,,,
0.9449981847668756,21.249500000056518,0.08902423170395202,0.08803524,0.60683066,0.7442413,,,0.08902423170395202,0.08803524,0.60683066,0.7442413,,,430.73753467286184,71118336,46300,0.006879846013325738,0.0066046175,0.15148202,0.18597752,,,0.54947805,0.54947805,0.13734034,,,,,,,,,,,,,,,,,,,,,,,,,,,,,,,,,,,,
,21.300000000056585,0.08856883551925422,0.087761074,0.501363,,,,0.08856883551925422,0.087761074,0.501363,,,,,71118336,46300,0.007395778258796782,0.0071655745,0.12502906,,,,,,,,,,,,,,,,,,,,,,,,,,,,,,,,,,,,,,,,,,
1.01841107195304,20.34950000005664,0.08844676191918545,0.08765905,0.5710005,0.86181456,,,0.08844676191918545,0.08765905,0.5710005,0.86181456,,,430.9908586603103,71271936,46400,0.006705923617992086,0.006485543,0.14252794,0.21534121,,,0.8033505,0.8033505,0.20080067,,,,,,,,,,,,,,,,,,,,,,,,,,,,,,,,,,,,
0.8490309588167528,20.449500000056755,0.08859879582654707,0.08764501,0.5684522,0.6384067,0.9376216,,0.08859879582654707,0.08764501,0.5684522,0.6384067,0.9376216,,431.24122022430504,71425536,46500,0.006880095423257436,0.0066128485,0.1418881,0.1595273,0.23436902,,0.8304244,0.8304244,0.20756327,,,,,,,,,,,,,,,,,,,,,,,,,,,,,,,,,,,,
0.9417914145617721,20.54950000005689,0.08869638260919613,0.087622836,0.6159748,0.57674444,,1.1438987,0.08869638260919613,0.087622836,0.6159748,0.57674444,,1.1438987,431.4913063279507,71579136,46600,0.006826545799558519,0.0065277196,0.15375149,0.14412281,,0.28595054,0.8563195,0.8563195,0.21402878,,,,,,,,,,,,,,,,,,,,,,,,,,,,,,,,,,,,
0.8953045016077679,20.649500000057003,0.0881264371052383,0.08707805,0.5999768,0.70190954,0.7358315,,0.0881264371052383,0.08707805,0.5999768,0.70190954,0.7358315,,431.74097145857615,71732736,46700,0.006735964008257726,0.0064452053,0.1497538,0.17539734,0.18393688,,1.096009,1.096009,0.2739404,,,,,,,,,,,,,,,,,,,1.057722,1.057722,0.26441446,,,,,,,,,,,,,,,
0.9628120458337138,20.74950000005714,0.08740166404284552,0.08653902,0.58161116,0.73111767,0.8571973,,0.08740166404284552,0.08653902,0.58161116,0.73111767,0.8571973,,431.99040752754775,71886336,46800,0.006722656626661765,0.0064825383,0.1451583,0.18269473,0.2142701,,0.9435791,0.9435791,0.23583819,,,,,,,0.7419383,0.7419383,0.18547592,,,,,,,,,,,,,,,,,,,,,,,,,,,
0.9332876712720097,20.84950000005727,0.08857161484193066,0.08758712,0.59140235,0.70212775,0.6187272,,0.08857161484193066,0.08758712,0.59140235,0.70212775,0.6187272,,432.23803551110564,72039936,46900,0.006821473056625108,0.0065470086,0.14759995,0.17546198,0.1546607,,1.3361526,1.3361526,0.33394954,0.9663936,0.9663936,0.24159178,,,,,,,,,,,,,,,,,,,,,,,,,,,,,,,,,
0.926500940410584,20.949500000057377,0.08878708902746428,0.08789342,0.61009824,0.77767617,1.0400685,,0.08878708902746428,0.08789342,0.61009824,0.77767617,1.0400685,,432.48530778806804,72193536,47000,0.00672860376798781,0.0064803245,0.15228765,0.19434303,0.25998667,,0.8975016,0.8975016,0.22432858,,,,,,,,,,,,,,,,,,,,,,,,,,,,,,,,,,,,
0.8281522965352852,21.049500000057503,0.08748775030486297,0.08670615,0.5699466,0.6640591,,,0.08748775030486297,0.08670615,0.5699466,0.6640591,,,432.7331751712819,72347136,47100,0.006754640064318657,0.0065363212,0.14223501,0.16594201,,,1.0605751,1.0605751,0.26508415,,,,,,,,,,,,,,,,,,,,,,,,,,,,,,,,,,,,
1.007134493357954,21.149500000057603,0.08750874695833767,0.08684432,0.5628058,0.729142,0.7227038,,0.08750874695833767,0.08684432,0.5628058,0.729142,0.7227038,,432.9793230106776,72500736,47200,0.006598579981364309,0.006412438,0.14046781,0.18219596,0.18065546,,,,,,,,,,,,,,,,,,,,,,,,,,,,,,,,,,,,,,,,
0.9155603912987166,21.249500000057736,0.08726987779606112,0.08633961,0.617899,0.60418916,,,0.08726987779606112,0.08633961,0.617899,0.60418916,,,433.22691396492746,72654336,47300,0.006768998928309871,0.0065104,0.15422256,0.1509782,,,0.5709263,0.5709263,0.14270547,,,,,,,,,,,,,,,,,,,,,,,,,,,,,,,,,,,,
0.8809038042641294,21.032851485206383,0.08807924071714136,0.087046966,0.6013383,0.8780955,1.3696483,,0.08807924071714136,0.087046966,0.6013383,0.8780955,1.3696483,,433.473494554055,72807936,47400,0.00675586824124392,0.0064694155,0.15010017,0.21941225,0.34237266,,0.5592102,0.5592102,0.13977838,,,,,,,0.6442484,0.6442484,0.16105416,,,,,,,,,,,,,,,,,,,,,,,,,,,
0.8341084305072242,20.449500000058,0.0871493339072913,0.08616992,0.578258,0.7611244,0.8876545,,0.0871493339072913,0.08616992,0.578258,0.7611244,0.8876545,,433.7198998496041,72961536,47500,0.006709621308546055,0.006436345,0.14435107,0.19020478,0.22188811,,0.88503397,0.88503397,0.22121847,,,,,,,,,,,,,,,,,,,,,,,,,,,,,,,,,,,,
0.7950011142813533,20.549500000058114,0.08766630791127689,0.086611606,0.60801476,0.7155804,1.025527,,0.08766630791127689,0.086611606,0.60801476,0.7155804,1.025527,,433.96769896857023,73115136,47600,0.006686948663846127,0.0063949917,0.15176368,0.17880994,0.25635037,,0.9623459,0.9623459,0.24053961,,,,,,,,,,,,,,,,,,,1.3585014,1.3585014,0.33960515,,,,,,,,,,,,,,,
0.9730710360775799,20.649500000058236,0.08758107957430192,0.08655436,0.60959625,0.7133124,,,0.08758107957430192,0.08655436,0.60959625,0.7133124,,,434.21752534905335,73268736,47700,0.006706639809126502,0.006421439,0.15216103,0.17824914,,,0.76464033,0.76464033,0.19111317,,,,,,,,,,,,,,,,,,,1.2553772,1.2553772,0.31382596,,,,,,,,,,,,,,,
0.9374881352981237,20.749500000058344,0.08766992222983391,0.086522676,0.6120649,0.6896303,0.8927536,,0.08766992222983391,0.086522676,0.6120649,0.6896303,0.8927536,,434.4650871358565,73422336,47800,0.006776944900047969,0.006458435,0.1527751,0.17232919,0.22315781,,0.89118373,0.89118373,0.22274248,,,,,,,,,,,,,,,,,,,1.075175,1.075175,0.26877663,,,,,,,,,,,,,,,
0.902793780253597,20.849500000058473,0.08751391005236649,0.08656965,0.59480137,0.6914031,0.9047655,,0.08751391005236649,0.08656965,0.59480137,0.6914031,0.9047655,,434.71427053355046,73575936,47900,0.0067425946117145984,0.006479283,0.14846396,0.17277701,0.22616394,,0.39129815,0.39129815,0.09780534,,,,,,,,,,,,,,,,,,,,,,,,,,,,,,,,,,,,
0.9688626391612282,20.94950000005861,0.08748427344486148,0.08658096,0.5621292,1.0354643,0.84973884,,0.08748427344486148,0.08658096,0.5621292,1.0354643,0.84973884,,434.95990527026555,73729536,48000,0.0067049028587644,0.0064540887,0.14030702,0.2587549,0.21240978,,0.96062654,0.96062654,0.24011353,,,,,,,,,,,,,,,,,,,,,,0.9915985,0.9915985,0.24789664,,,,,,,,,,,,
0.9122976160015144,21.04950000005871,0.08723738498520112,0.08638344,0.55847865,0.8545606,0.556214,,0.08723738498520112,0.08638344,0.55847865,0.8545606,0.556214,,435.20584426875934,73883136,48100,0.006742194604012193,0.006503661,0.139399,0.21353824,0.13903555,,0.6415582,0.6415582,0.16035667,,,,,,,,,,,,,,,,,,,,,,,,,,,,,,,,,,,,
0.8335526995715518,21.149500000058826,0.08783633414190253,0.08683356,0.5966339,0.6848994,,,0.08783633414190253,0.08683356,0.5966339,0.6848994,,,435.4524452372361,74036736,48200,0.00683095899206818,0.0065513835,0.14892192,0.17113306,,,,,,,,,,,,0.8574373,0.8574373,0.21434972,,,,,,,,,,0.9342653,0.9342653,0.23355025,,,,,,,,,,,,,,,
0.9638936512298657,20.893207920851054,0.08709544122753902,0.086055405,0.5675261,0.8037227,1.1474158,,0.08709544122753902,0.086055405,0.5675261,0.8037227,1.1474158,,435.6982693439812,74190336,48300,0.006652203570627189,0.006362807,0.14165401,0.2008323,0.28681535,,0.8034041,0.8034041,0.20081002,0.95201254,0.95201254,0.23799591,,,,,,,1.4936341,1.4936341,0.3733967,,,,,,,,,,,,,,,,,,,,,,,,
0.9842753449932902,20.349500000059102,0.08749298231676225,0.08644384,0.5829133,0.787609,,0.9521314,0.08749298231676225,0.08644384,0.5829133,0.787609,,0.9521314,435.9461335238657,74343936,48400,0.006726121831161427,0.0064343372,0.14549139,0.19680342,,0.23801449,1.2630875,1.2630875,0.31571287,,,,,,,,,,,,,,,,,,,,,,,,,,,,,,,,,,,,
0.8855573404238182,20.449500000059203,0.08670653001405304,0.085712686,0.6239941,0.8051975,0.9054909,,0.08670653001405304,0.085712686,0.6239941,0.8051975,0.9054909,,436.1908627969945,74497536,48500,0.006703029460913973,0.0064280806,0.15574065,0.2012204,0.22634554,,,,,,,,,,,,,,,,,,,,,,,,,,,,,,,,,,,,,,,,
0.871948475951522,20.549500000059336,0.08684981864411372,0.08573809,0.623158,0.8919317,,0.6450453,0.08684981864411372,0.08573809,0.623158,0.8919317,,0.6450453,436.4376042825946,74651136,48600,0.006645089728408486,0.0063379854,0.15554838,0.2228755,,0.16124667,0.7985704,0.7985704,0.1996043,,,,,,,,,,,,,,,,,,,,,,,,,,,,,,,,,,,,
0.9455342509164271,20.649500000059476,0.08688205188605926,0.08583431,0.5946782,0.7385045,,,0.08688205188605926,0.08583431,0.5946782,0.7385045,,,436.6820560773921,74804736,48700,0.006701541214133609,0.006409866,0.14843494,0.184541,,,0.7984521,0.7984521,0.19956875,,,,,,,,,,,,,,,,,,,,,,,,,,,,,,,,,,,,
0.9886801346400038,20.749500000059587,0.08727976295165735,0.08639823,0.56680554,0.8732549,,,0.08727976295165735,0.08639823,0.56680554,0.8732549,,,436.92684871628967,74958336,48800,0.006685070944949993,0.0064405208,0.14147405,0.21821322,,,0.9956197,0.9956197,0.24885039,,,,,,,,,,0.58443713,0.58443713,0.14610422,,,,,,,,,,,,,,,,,,,,,,,,
0.8314759212360425,20.849500000059685,0.08657524099573485,0.08574211,0.59953,0.48539376,,,0.08657524099573485,0.08574211,0.59953,0.48539376,,,437.1735703423735,75111936,48900,0.006613905456324576,0.0063818274,0.14965358,0.12129578,,,1.5855315,1.5855315,0.39629048,,,,,,,,,,,,,,,,,,,,,,,,,,,,,,,,,,,,
0.8793738373418434,20.94950000005982,0.08693581471219647,0.086152025,0.56635773,0.67930865,,,0.08693581471219647,0.086152025,0.56635773,0.67930865,,,437.4193593139597,75265536,49000,0.006621454082487617,0.006401717,0.14136223,0.16974926,,,0.82277054,0.82277054,0.2056601,,,,,,,,,,,,,,,,,,,,,,,,,,,,,,,,,,,,
0.9271991416369852,21.04950000005995,0.0869405529135838,0.08588466,0.6043909,0.8493756,,,0.0869405529135838,0.08588466,0.6043909,0.8493756,,,437.66542608191236,75419136,49100,0.00677829619089607,0.0064863176,0.15085548,0.21224879,,,0.8927688,0.8927688,0.22314611,,,,,,,,,,,,,,,,,,,,,,,,,,,,,,,,,,,,
0.8289203527363834,21.14950000006008,0.08666659686248755,0.085749485,0.60920835,0.84739214,0.7167935,,0.08666659686248755,0.085749485,0.60920835,0.84739214,0.7167935,,437.9114259104759,75572736,49200,0.006659169505874157,0.0064063477,0.15205778,0.2117517,0.17917334,,0.8238296,0.8238296,0.20591788,,,,,,,,,,,,,,,,,,,,,,,,,,,,,,,,,,,,
0.8609246725055503,21.2495000000602,0.0875345339998603,0.08663199,0.5933586,0.61592966,,,0.0875345339998603,0.08663199,0.5933586,0.61592966,,,438.15700332062,75726336,49300,0.006639440066937817,0.0063872556,0.1481238,0.15391448,,,1.0763648,1.0763648,0.2690273,,,,,,,,,,,,,,,,,,,,,,,,,,,,,,,,,,,,
0.964713590252433,21.349500000060313,0.08702341143041856,0.08597591,0.61098427,0.7560931,1.7355106,1.1344082,0.08702341143041856,0.08597591,0.61098427,0.7560931,1.7355106,1.1344082,438.40061647359795,75879936,49400,0.00674497354892083,0.006455669,0.15249915,0.1889313,0.43383107,0.28357813,0.6744312,0.6744312,0.16856098,,,,,,,,,,,,,,,,,,,,,,,,,,,,,,,,,,,,
0.8771160313787741,21.449500000060446,0.0862004041578623,0.085234776,0.63991255,0.8314188,,,0.0862004041578623,0.085234776,0.63991255,0.8314188,,,438.6445707936666,76033536,49500,0.006566264675348066,0.0063002245,0.15972264,0.20776457,,,1.2041092,1.2041092,0.30095983,,,,,,,,,,,,,,,,,,,,,,,,,,,,0.66585493,0.66585493,0.16646132,,,,,,
0.9158270059872141,21.312138613921945,0.08644259830309757,0.08568189,0.5880365,0.6832731,1.1446588,,0.08644259830309757,0.08568189,0.5880365,0.6832731,1.1446588,,438.8861719145287,76187136,49600,0.00653831629280813,0.00632683,0.14679007,0.1707278,0.2861224,,0.88583446,0.88583446,0.22140038,,,,,,,,,,,,,,,,,,,,,,,,,,,,,,,,,,,,
0.842093348449283,20.64950000006067,0.08700601887889187,0.08623792,0.57808775,0.77141947,,0.80812204,0.08700601887889187,0.08623792,0.57808775,0.77141947,,0.80812204,439.12706399125494,76340736,49700,0.006692888422403486,0.0064781453,0.14429083,0.19277504,,0.20201305,0.54521894,0.54521894,0.13626741,,,,,,,,,,,,,,,,,,,,,,,,,,,,,,,,,,,,
0.9023777317874225,20.749500000060785,0.08672696303576226,0.08556874,0.6244676,0.84815866,0.69774526,,0.08672696303576226,0.08556874,0.6244676,0.84815866,0.69774526,,439.3707139559472,76494336,49800,0.006745497416122816,0.006426205,0.15586847,0.21194193,0.17441198,,1.6732929,1.6732929,0.4182415,,,,,,,,,,,,,,,,,,,,,,,,,,,,,,,,,,,,
0.905357355279692,20.84950000006093,0.08675144073087733,0.08591025,0.6060331,0.4769975,0.6114974,0.42890662,0.08675144073087733,0.08591025,0.6060331,0.4769975,0.6114974,0.42890662,439.61566713116116,76647936,49900,0.006721385068958626,0.0064874487,0.15126768,0.119191565,0.15285131,0.10721716,0.8522868,0.8522868,0.21301977,,,,,,,,,,,,,,,,,,,,,,,,,,,,,,,,,,,,
0.8798772566107954,20.949500000061054,0.08700061383191496,0.08594113,0.61814874,0.8392936,,,0.08700061383191496,0.08594113,0.61814874,0.8392936,,,439.8605329150368,76801536,50000,0.0067081097071058984,0.0064148563,0.15429297,0.20971945,,,0.8737961,0.8737961,0.21840316,,,,,,,,,,,,,,,,,,,,,,,,,,,,,,,,,,,,
0.9308160749259533,21.049500000061155,0.086620717071928,0.08552717,0.6610417,0.68669724,,1.033038,0.086620717071928,0.08552717,0.6610417,0.68669724,,1.033038,440.1010466602733,76955136,50100,0.006642419454583432,0.0063417074,0.16500959,0.17159392,,0.25824067,0.9587432,0.9587432,0.2396321,,,,,,,,,,,,,,,,,,,,,,,,,,,,,,,,,,,,
0.8599374295933747,21.14950000006128,0.08690778045449393,0.08573983,0.61946374,0.96971554,0.64619243,0.88445556,0.08690778045449393,0.08573983,0.61946374,0.96971554,0.64619243,0.88445556,440.3433718777259,77108736,50200,0.006678390882443632,0.006355727,0.1546119,0.24232073,0.16152652,0.22109288,1.3277938,1.3277938,0.33189255,,,,,,,,,,,,,,,,,,,0.5723888,0.5723888,0.14308971,,,,,,,,,,,,,,,
0.888746356156713,21.249500000061413,0.08708853505086156,0.08597756,0.6183593,0.8552553,0.95652527,,0.08708853505086156,0.08597756,0.6183593,0.8552553,0.95652527,,440.5889160531607,77262336,50300,0.006551536720653537,0.0062437174,0.15436143,0.21371102,0.23910072,,,,,,,,,,,,,,,,,,,,0.6545404,0.6545404,0.16363138,,,,,,,,,,,,,,,,,,
0.8324336972643598,21.349500000061536,0.08610520790796723,0.0851829,0.59128904,0.7829458,,1.3787477,0.08610520790796723,0.0851829,0.59128904,0.7829458,,1.3787477,440.83290546729745,77415936,50400,0.006590714176709308,0.006335421,0.14758436,0.19563644,,0.34465575,0.6581398,0.6581398,0.16449848,,,,,,,,,,,,,,,,,,,,,,,,,,,,,,,,,,,,
0.9089949702013275,21.449500000061658,0.08588159434497364,0.08515583,0.55066454,0.5936872,,,0.08588159434497364,0.08515583,0.55066454,0.5936872,,,441.0751803856166,77569536,50500,0.006544210486172231,0.006341128,0.13745475,0.14834401,,,0.87836367,0.87836367,0.21955127,,,,,,,1.9463906,1.9463906,0.48657346,,,,,,,,,,0.53937787,0.53937787,0.13483652,,,,,,,,,,,,,,,
0.9030624735108903,21.549500000061784,0.08610629717353711,0.08513143,0.5931411,0.92420673,0.58026606,1.1650633,0.08610629717353711,0.08513143,0.5931411,0.92420673,0.58026606,1.1650633,441.3179832937602,77723136,50600,0.006585941200610246,0.0063154846,0.14805378,0.23095332,0.14504644,0.29123843,0.7483385,0.7483385,0.18704756,,,,,,,,,,,,,,,,,,,1.070016,1.070016,0.2674888,,,,,,,,,,,,,,,
0.8790285526422836,21.144544554517335,0.08665590186022439,0.08583026,0.5870242,0.8034078,0.8386177,,0.08665590186022439,0.08583026,0.5870242,0.8034078,0.8386177,,441.5605603415449,77876736,50700,0.006563633752959117,0.0063339164,0.14653394,0.20074962,0.2096304,,1.0950634,1.0950634,0.2736958,,,,,,,,,,,,,,,,,,,,,,,,,,,,,,,,,,,,
0.8290181632865945,20.749500000062024,0.08576083336956787,0.08475122,0.5955908,0.8649881,0.4463994,,0.08576083336956787,0.08475122,0.5955908,0.8649881,0.4463994,,441.8012073271242,78030336,50800,0.0065953221797826755,0.0063159913,0.14866236,0.21615858,0.11158478,,1.011425,1.011425,0.25280264,,,,,,,,,,,,,,,,,,,,,,,,,,,,,,,,,,,,
0.9218888393411333,20.849500000062147,0.08647042185999469,0.085270405,0.6287304,0.79696405,,,0.08647042185999469,0.085270405,0.6287304,0.79696405,,,442.04190117679224,78183936,50900,0.0066225975964334756,0.006292559,0.15693808,0.19915944,,,0.9110621,0.9110621,0.22771837,,,,,,,,,,,,,,,,2.2468684,2.2468684,0.5617051,0.8953613,0.8953613,0.22382705,,,,,,,,,,,,,,,
0.9401785130181025,20.949500000062283,0.08603380043059587,0.08485003,0.5844672,0.7374828,0.7020688,1.2833341,0.08603380043059587,0.08485003,0.5844672,0.7374828,0.7020688,1.2833341,442.28305758307187,78337536,51000,0.006607314044085792,0.0062784837,0.14588358,0.18427895,0.17549545,0.32080156,0.9464494,0.9464494,0.23656103,,,,,,,,,,,,,,,,,,,,,,,,,,,,,,,,,,,,
0.8531805701268306,21.04950000006238,0.0859687770111486,0.08503547,0.61728483,1.2700028,,,0.0859687770111486,0.08503547,0.61728483,1.2700028,,,442.5222272185879,78491136,51100,0.006581891135137983,0.006325398,0.1540724,0.31736845,,,1.0810469,1.0810469,0.27020034,,,,,,,,,,,,,,,,,,,,,,,,,,,,,,,,,,,,
0.9146898219828468,21.149500000062517,0.08519085370004177,0.08435151,0.59849894,0.9989674,1.8639874,,0.08519085370004177,0.08435151,0.59849894,0.9989674,1.8639874,,442.7642541596551,78644736,51200,0.006488461637054571,0.006256457,0.14939961,0.24962026,0.4659347,,0.731029,0.731029,0.18271428,,,,,,,,,,,,,,,,,,,,,,,,,,,,,,,,,,,,
0.8679704424622332,21.24950000006264,0.08620742060244063,0.0851083,0.61344314,0.7108548,0.42049503,,0.08620742060244063,0.0851083,0.61344314,0.7108548,0.42049503,,443.0061000617272,78798336,51300,0.006600157334469262,0.0062953546,0.1531256,0.17762886,0.105108365,,0.86412656,0.86412656,0.21597251,,,,,,,,,,,,,,,,,,,0.91335666,0.91335666,0.22832677,,,,,,,,,,,,,,,
0.9361374479232157,21.349500000062747,0.08632026172708732,0.08493327,0.6681972,0.929604,0.9418313,1.1660274,0.08632026172708732,0.08493327,0.6681972,0.929604,0.9418313,1.1660274,443.24550660003354,78951936,51400,0.0066561044790432785,0.006277207,0.16679221,0.23230219,0.23542634,0.291479,1.1686885,1.1686885,0.29210663,,,,,,,,,,,,,,,,,,,,,,,,,,,,,,,,,,,,
0.8799539073756573,21.449500000062866,0.08571095706894988,0.08473996,0.60393655,0.5701208,0.8606447,,0.08571095706894988,0.08473996,0.60393655,0.5701208,0.8606447,,443.4857015217939,79105536,51500,0.006526661032694397,0.006256976,0.15074867,0.14246121,0.21513748,,0.87519693,0.87519693,0.21875581,,,,,,,,,,,,,,,,,,,,,,,,,,,,,,,,,,,,
0.8915938956235454,21.54950000006299,0.08557911607902469,0.0846824,0.5648422,0.89946043,0.87428975,,0.08557911607902469,0.0846824,0.5648422,0.89946043,0.87428975,,443.7260964554993,79259136,51600,0.006458952692628369,0.006209443,0.14098758,0.22474901,0.21854287,,0.7633537,0.7633537,0.19079489,,,,,,,,,,,,,,,,,,,0.5269103,0.5269103,0.13172081,,,,,,,,,,,,,,,
0.9053492996821061,21.649500000063124,0.08550772821996373,0.0846605,0.6022547,0.7855626,,,0.08550772821996373,0.0846605,0.6022547,0.7855626,,,443.9675270003802,79412736,51700,0.006412982185138391,0.0061777644,0.15030882,0.1963019,,,,,,,,,,,,,,,,,,,,,,,,,,,,,,,,,,,,,,,,,
0.936534609380268,21.462584158479107,0.08526420351671105,0.0843889,0.6112185,0.7393882,1.0243018,1.3541235,0.08526420351671105,0.0843889,0.6112185,0.7393882,1.0243018,1.3541235,444.2080081098179,79566336,51800,0.006558058773614651,0.0063163755,0.15256868,0.18476819,0.25604084,0.33850092,1.026257,1.026257,0.2564994,,,,,,,,,,,,,,,,,,,,,,,,,,,,,,,,,,,,
0.9116226627946575,20.84950000006336,0.08548607245087637,0.08476804,0.5647348,0.8669902,,,0.08548607245087637,0.08476804,0.5647348,0.8669902,,,444.4476157670419,79719936,51900,0.006463746481167612,0.0062640277,0.1409536,0.21664524,,,0.79824793,0.79824793,0.19951725,,,,,,,,,,,,,,,,,,,,,,,,,,,,,,,,,,,,
0.8073448608631258,20.94950000006349,0.08529686118476078,0.08433459,0.5739555,0.8580935,0.50805235,0.74078006,0.08529686118476078,0.08433459,0.5739555,0.8580935,0.50805235,0.74078006,444.68852805366487,79873536,52000,0.006463735913275729,0.0061969287,0.14325465,0.21442345,0.12699485,0.18517958,0.6928505,0.6928505,0.17318368,,,,,,,,,,,,,,,,,,,,,,,,,,,,,,,,,,,,
0.8745390460587488,21.0495000000636,0.08533755179494605,0.084409066,0.6022554,0.8529978,,,0.08533755179494605,0.084409066,0.6022554,0.8529978,,,444.92715822627116,80027136,52100,0.006628780913306396,0.006372225,0.15032235,0.21315373,,,0.60687387,0.60687387,0.1516861,,,,,,,,,,,,,,,,,,,,,,,,,,,,,,,,,,,,
0.9288595208129534,21.149500000063753,0.08512662508059313,0.08421783,0.6606693,0.8225058,,,0.08512662508059313,0.08421783,0.6606693,0.8225058,,,445.16742205652304,80180736,52200,0.006525084355380386,0.0062754117,0.16492611,0.20553786,,,0.9347527,0.9347527,0.23362741,,,,,,,,,,,,,,,,,,,0.7170667,0.7170667,0.17925702,,,,,,,,,,,,,,,
0.8156695951169858,21.24950000006387,0.08538014376070346,0.08442426,0.61158687,0.83399034,,,0.08538014376070346,0.08442426,0.61158687,0.83399034,,,445.40733238612785,80334336,52300,0.006497138420527341,0.006232524,0.15267609,0.20840707,,,0.88947153,0.88947153,0.22232723,,,,,,,,,,,,,,,,,,,,,,,,,,,,,,,,,,,,
0.9520065461217556,21.34950000006399,0.08637416720390326,0.08547253,0.6647199,0.7812108,,,0.08637416720390326,0.08547253,0.6647199,0.7812108,,,445.64850169203777,80487936,52400,0.0065581211514654575,0.006310708,0.16590963,0.19521005,,,0.7229718,0.7229718,0.180701,,,,,,,,,,,,,,,,,,,,,,,,,,,,,,,,,,,,
0.9461150864022904,21.449500000064102,0.08529056132771096,0.084510066,0.5824144,0.6452023,,,0.08529056132771096,0.084510066,0.5824144,0.6452023,,,445.88734138013854,80641536,52500,0.006465761749132077,0.006248313,0.14536998,0.16123293,,,0.7978934,0.7978934,0.19943222,,,,,,,,,,,,,,,,,,,,,,,,,,,,,,,,,,,,
0.8409969500928239,21.54950000006423,0.08534058268181995,0.08432134,0.60360765,0.97111243,,,0.08534058268181995,0.08432134,0.60360765,0.97111243,,,446.12726135796726,80795136,52600,0.006535305725992648,0.0062538395,0.15067257,0.24267767,,,0.849212,0.849212,0.21225487,,,,,,,,,,,,,,,,,,,,,,,,,,,,,,,,,,,,
0.9411982934025579,21.649500000064354,0.08561014659237101,0.08455938,0.5944635,0.9149546,,,0.08561014659237101,0.08455938,0.5944635,0.9149546,,,446.3662667709327,80948736,52700,0.006622364588256457,0.006332394,0.14838603,0.22863689,,,0.79245496,0.79245496,0.19807047,,,,,,,,,,,,,,,,,,,,,,,,,,,,,,,,,,,,
0.9702724615156177,21.749500000064472,0.08556290776934466,0.08445418,0.61783004,0.7295979,0.8298249,,0.08556290776934466,0.08445418,0.61783004,0.7295979,0.8298249,,446.60551662113363,81102336,52800,0.006556742689572277,0.0062505812,0.15422565,0.18230705,0.20743357,,1.069508,1.069508,0.26732364,,,,,,,,,,,,,,,,,,,,,,,,,,,,,,,,,,,,
0.9144647473270383,21.185970297094297,0.08583358950488781,0.08484523,0.58574265,0.827549,0.729187,,0.08583358950488781,0.08484523,0.58574265,0.827549,0.729187,,446.8446716730897,81255936,52900,0.006692740692478138,0.0064185434,0.14619878,0.20678714,0.18226898,,0.75845516,0.75845516,0.18957055,,,,,,,,,,,,,,,,,,,,,,,,,,,,,,,,,,1.4112356,1.4112356,0.3528076
0.8743820739273875,20.9495000000647,0.08528996180277325,0.084241085,0.6298639,0.66623175,0.7069604,,0.08528996180277325,0.084241085,0.6298639,0.66623175,0.7069604,,447.0844423198625,81409536,53000,0.006541963157360438,0.0062531624,0.1572023,0.16647358,0.17672151,,1.1130085,1.1130085,0.27818882,,,,,,,,,,,,,,,,,,,,,,,,,,,,,,,,,,,,
0.9687268462079335,21.049500000064832,0.08450080364011207,0.0836326,0.5597906,0.8224125,0.77435493,,0.08450080364011207,0.0836326,0.5597906,0.8224125,0.77435493,,447.32091093890455,81563136,53100,0.006521152547502422,0.006279173,0.13973317,0.2055038,0.193565,,0.8193815,0.8193815,0.20480204,,,,,,,,,,,,,,,,,,,,,,,,,,,,,,,,,,,,
0.8038444954394572,21.14950000006496,0.0852738789748401,0.08416199,0.61653346,0.7783771,,1.0431113,0.0852738789748401,0.08416199,0.61653346,0.7783771,,1.0431113,447.5594828128651,81716736,53200,0.006556734489859085,0.006250055,0.15389667,0.19449711,,0.26075464,1.0061734,1.0061734,0.25147936,,,,,,,,,,,,,,,,,,,,,,,,,,,,,,,,,,,,
0.8731918132196582,21.249500000065083,0.08524948430713275,0.08424383,0.622561,0.57807374,0.90418863,,0.08524948430713275,0.08424383,0.622561,0.57807374,0.90418863,,447.79626682128804,81870336,53300,0.0065862143060075925,0.0063080788,0.1553964,0.14445639,0.22601327,,0.96961534,0.96961534,0.24234943,,,,,,,,,,,,,,,,,,,,,,,,,,,,,,,,,,,,
0.9230593445432972,21.34950000006519,0.08436063929460955,0.08344651,0.5990891,0.8808093,0.90491533,0.5667984,0.08436063929460955,0.08344651,0.5990891,0.8808093,0.90491533,0.5667984,448.03269868899315,82023936,53400,0.006573114386992518,0.0063201557,0.149542,0.22009774,0.22620313,0.14168686,,,,,,,,,,,,,,,,,,,,,,,,,,,,,,,,,,,,,,,
0.9139966801911994,21.44950000006531,0.08488292599096889,0.08384919,0.57928437,0.79959273,0.678285,1.3150676,0.08488292599096889,0.08384919,0.57928437,0.79959273,0.678285,1.3150676,448.2724980676258,82177536,53500,0.0065399726960458805,0.0062530553,0.14457878,0.19980192,0.16954796,0.32874224,0.84656334,0.84656334,0.21158515,,,,,,,,,,,,,,,,,,,,,,,,,,,,,,,,,,,,
0.9176401204046379,20.81659405947138,0.08454781097110989,0.083470054,0.61394715,0.76358324,1.2253153,,0.08454781097110989,0.083470054,0.61394715,0.76358324,1.2253153,,448.51014785017856,82331136,53600,0.006535912151298589,0.006239193,0.1532417,0.19081004,0.3062864,,0.84855056,0.84855056,0.21208662,,,,,,,,,,,,,,,,,,,,,,,,,,,,,,,,,,,,
0.845300914768133,20.649500000065576,0.08541099013760686,0.08438559,0.5964758,0.8204942,,,0.08541099013760686,0.08438559,0.5964758,0.8204942,,,448.7475039940593,82484736,53700,0.006465647108561824,0.006181951,0.14887476,0.20503879,,,0.9107145,0.9107145,0.22762895,,,,,,,,,,,,,,,,,,,,,,,,,,,,,,,,,,,,
0.8821110140503946,20.749500000065687,0.0849708873918281,0.08412897,0.63824934,0.97147834,,0.76533306,0.0849708873918281,0.08412897,0.63824934,0.97147834,,0.76533306,448.9841695112446,82638336,53800,0.006449103013146665,0.006219159,0.15931685,0.24275988,,0.19131422,0.8736932,0.8736932,0.2183752,,,,,,,,,,,,,,,,,,,,,,,,,,,,,,,,,,,,
0.9504996036961799,20.849500000065795,0.0851823374209927,0.08405039,0.59231496,0.77711236,,1.127704,0.0851823374209927,0.08405039,0.59231496,0.77711236,,1.127704,449.22040497097674,82791936,53900,0.006551807334180926,0.006238718,0.14784147,0.19420034,,0.28189874,0.78301424,0.78301424,0.1957068,,,,0.96813124,0.96813124,0.24202812,,,,,,,,,,,,,,,,,,,,,,,,,,,,,,
0.8172409670893334,20.94950000006594,0.08487217553425573,0.08370783,0.60782737,0.8571845,,,0.08487217553425573,0.08370783,0.60782737,0.8571845,,,449.45657508273405,82945536,54000,0.006512247525097341,0.006191148,0.15170981,0.21419369,,,0.670411,0.670411,0.16755706,,,,,,,,,,,,,,,,,,,,,,,,,,,,,,,,,,,,
0.9139334217512465,21.049500000066054,0.08441715036053198,0.08331939,0.6273433,0.7980195,1.8173883,,0.08441715036053198,0.08331939,0.6273433,0.7980195,1.8173883,,449.69180143698117,83099136,54100,0.006477055786817792,0.0061745555,0.15660422,0.19942322,0.45429182,,,,,,,,,,,,,,,,,,,,,,,,,,,,,,,,,,,,,,,,
0.8444550040706842,21.14950000006617,0.08439633974805472,0.08354421,0.5666763,0.73261243,,,0.08439633974805472,0.08354421,0.5666763,0.73261243,,,449.9293655669675,83252736,54200,0.006488348007551394,0.006251747,0.14144063,0.18306759,,,0.921031,0.921031,0.23020332,,,,,,,,,,,,,,,,,,,,,,,,,,,,,,,,,,,,
0.8765777901872662,21.24950000006629,0.08453195304144165,0.08368766,0.60388976,0.7687797,0.78501624,0.77489185,0.08453195304144165,0.08368766,0.60388976,0.7687797,0.78501624,0.77489185,450.16424255332123,83406336,54300,0.006444047824770679,0.0062104985,0.15073237,0.19211152,0.19622648,0.19370422,1.350328,1.350328,0.33750337,,,,,,,,,,,,,,,,,,,,,,,,,,,,,,,,,,,,
0.9335617546352631,21.13196039610603,0.08409182494967281,0.0830747,0.5783005,0.94180244,,,0.08409182494967281,0.0830747,0.5783005,0.94180244,,,450.39978052987937,83559936,54400,0.006449506991245503,0.006167155,0.14433677,0.23534235,,,0.5877024,0.5877024,0.14689049,,,,,,,,,,,,,,,,,,,,,,,,,,,,,,,,,,,,
0.8556968084054553,20.449500000066553,0.08496015860699113,0.08399883,0.5666747,0.8141477,,,0.08496015860699113,0.08399883,0.5666747,0.8141477,,,450.63670167848676,83713536,54500,0.006498263463436171,0.0062299212,0.14143926,0.20344436,,,0.75636476,0.75636476,0.1890494,,,,,,,,,,,,,,,,,,,,,,,,,,,,0.64745414,0.64745414,0.16186124,,,,,,
0.8306951525421429,20.549500000066658,0.08445884692948319,0.08352178,0.5584606,0.8846821,1.2245113,,0.08445884692948319,0.08352178,0.5584606,0.8846821,1.2245113,,450.8728020834356,83867136,54600,0.006534093905938786,0.006273879,0.13939282,0.22106345,0.30609107,,0.5951419,0.5951419,0.14874938,,,,,,,,,,,,,,,,,,,,,,,,,,,,,,,,,,,,
0.9082277906699291,20.64950000006679,0.08425898227374988,0.08342047,0.6017711,0.76276916,0.78821254,,0.08425898227374988,0.08342047,0.6017711,0.76276916,0.78821254,,451.10879039187205,84020736,54700,0.0064182174962479615,0.006185893,0.15021352,0.19060142,0.19702518,,,,,,,,,,,,,,,,,,,,,,,,,,,,,,,,,,,,,,,,
0.8856126668031683,20.749500000066902,0.0847423492930831,0.08369163,0.5908696,0.77218056,,,0.0847423492930831,0.08369163,0.5908696,0.77218056,,,451.3446943651561,84174336,54800,0.0065327494620578234,0.0062415805,0.14748363,0.19295172,,,0.97431296,0.97431296,0.24353704,,,,,,,,,,,,,,,,,,,,,,,,,,,,,,,,,,,,
0.8391155216648343,20.84950000006703,0.08408520663622791,0.08320317,0.5809876,0.6946567,0.7203285,,0.08408520663622791,0.08320317,0.5809876,0.6946567,0.7203285,,451.580170851071,84327936,54900,0.006405646624043583,0.006160097,0.14501457,0.17357856,0.18005854,,,,,,,,,,,,,,,,,,,,,,,0.58657813,0.58657813,0.14663488,,,,,,,,,,,,,,,
0.8782485280405394,20.949500000067143,0.08366070314776164,0.0827439,0.6194112,0.8503996,,1.4676465,0.08366070314776164,0.0827439,0.6194112,0.8503996,,1.4676465,451.8149764741943,84481536,55000,0.0064372343654395025,0.0061852457,0.154609,0.21249646,,0.36688003,,,,,,,,,,,,,,,,,,,,,,,,,,,,,,,,,,,,,,,
0.8690504472181523,21.049500000067273,0.08454658087808649,0.08351085,0.5925806,0.7093799,,,0.08454658087808649,0.08351085,0.5925806,0.7093799,,,452.0487083735493,84635136,55100,0.006492046249331902,0.0062049506,0.147901,0.17726383,,,1.3095492,1.3095492,0.32732022,,,,,,,,,,,,,,,,,,,,,,,,,,,,,,,,,,,,
0.8509369466659247,21.149500000067412,0.08429691262077531,0.08339101,0.5790235,0.7820027,1.3327551,0.9852475,0.08429691262077531,0.08339101,0.5790235,0.7820027,1.3327551,0.9852475,452.2841413299059,84788736,55200,0.006312837810546634,0.006062265,0.14451583,0.19539809,0.33314767,0.24629176,1.1026638,1.1026638,0.27559876,,,,,,,,,,,,,,,,,,,,,,,,,,,,,,,,,,,,
0.9230014607052419,21.249500000067524,0.08404616446234278,0.08308366,0.5869212,0.7474945,0.545315,,0.08404616446234278,0.08308366,0.5869212,0.7474945,0.545315,,452.51805014733077,84942336,55300,0.006442131095682268,0.006175179,0.14647444,0.18678963,0.13631243,,0.69442916,0.69442916,0.17357498,,,,,,,,,,,,,,,,,,,,,,,,,,,,,,,,,,,,
0.9241436731127264,21.349500000067636,0.08395679617300648,0.08303577,0.6291847,0.65877527,,,0.08395679617300648,0.08303577,0.6291847,0.65877527,,,452.7529671033375,85095936,55400,0.006408230154193014,0.0061547784,0.15704946,0.16461852,,,1.1234803,1.1234803,0.2808148,,,,,,,,,,,,,,,,,,,,,,,,,,,,,,,,,,,,
0.8107560037784103,21.449500000067765,0.08390053042210635,0.08292075,0.6334765,0.7647488,,,0.08390053042210635,0.08292075,0.6334765,0.7647488,,,452.9868709641973,85249536,55500,0.006468715090304614,0.0061989413,0.15810387,0.19109705,,,0.7292489,0.7292489,0.18226717,,,,,,,,,,,,,,,,,,,,,,,,,,,,,,,,,,,,
0.8802140176301612,21.490534653533228,0.08450398156142766,0.083623745,0.59695315,0.6829334,1.1685519,1.3670092,0.08450398156142766,0.083623745,0.59695315,0.6829334,1.1685519,1.3670092,453.2221823065356,85403136,55600,0.006434151398232387,0.0061910604,0.14899418,0.17064911,0.29210103,0.3417204,0.8683356,0.8683356,0.21704873,,,,,,,,,,,,,,,,,,,,,,,,,,,,,,,,,,,,
0.8769889042358985,20.649500000068016,0.083886819551699,0.08295035,0.6207995,0.8868496,,1.0575794,0.083886819551699,0.08295035,0.6207995,0.8868496,,1.0575794,453.45567908835085,85556736,55700,0.006357145560905342,0.006099877,0.15494573,0.22162253,,0.26436865,0.8734146,0.8734146,0.21830371,,,,,,,,,,,,,,,,,,,,,,,,,,,,,,,,,,,,
0.837962760221544,20.749500000068142,0.08468951210379606,0.08366541,0.6126893,0.8560133,0.99197596,,0.08468951210379606,0.08366541,0.6126893,0.8560133,0.99197596,,453.6920079471649,85710336,55800,0.006508631900942423,0.0062270826,0.15292306,0.21391304,0.24795616,,0.86238194,0.86238194,0.21554945,,,,,,,,,,,,,,,,,,,1.4116392,1.4116392,0.35289,,,,,,,,,,,,,,,
0.9495831218910822,20.849500000068264,0.0845543786371129,0.083475076,0.6096097,0.6804731,0.8420794,,0.0845543786371129,0.083475076,0.6096097,0.6804731,0.8420794,,453.9284377632678,85863936,55900,0.006461111696262374,0.006162348,0.15216325,0.1700436,0.21049201,,0.73554295,0.73554295,0.18384302,,,,,,,,,,,,,,,,,,,,,,,,,,,,,,,,,,,,
0.8169055380170441,20.949500000068383,0.08333178499713509,0.08245087,0.5866993,0.7956892,,,0.08333178499713509,0.08245087,0.5866993,0.7956892,,,454.16138161538225,86017536,56000,0.006422496444720309,0.006177991,0.14644212,0.19884114,,,,,,,,,,,,,,,,,,,,,,,,,,,,,,,,,,,,,,,,,
0.9322673981283851,21.049500000068495,0.08371651408728221,0.08272724,0.63951665,0.770106,,0.731485,0.08371651408728221,0.08272724,0.63951665,0.770106,,0.731485,454.39502704690244,86171136,56100,0.006411422047240192,0.0061394745,0.15963276,0.19243635,,0.18285412,0.85908365,0.85908365,0.21472025,,,,,,,,,,,,,,,,,,,,,,,,,,,,,,,,,,,,
0.8430145186473266,21.149500000068624,0.08300514868926266,0.082045645,0.55302656,0.8331587,0.679111,,0.08300514868926266,0.082045645,0.55302656,0.8331587,0.679111,,454.62806852059896,86324736,56200,0.006402526830788687,0.0061361385,0.13801622,0.208192,0.16975284,,0.9097299,0.9097299,0.22737628,,,,,,,,,,,,,,,,,,,,,,,,,,,,,,,,,,,,
0.954451285099027,21.249500000068743,0.08331337642390285,0.08219272,0.6070553,0.7703146,0.9666815,,0.08331337642390285,0.08219272,0.6070553,0.7703146,0.9666815,,454.8617187780924,86478336,56300,0.006546525341691451,0.006238244,0.15152286,0.19249155,0.24164163,,1.0614744,1.0614744,0.26530764,,,,,,,,,,,,,,,,,,,,,,,,,,,,,,,,,,,,
0.8618697390106933,21.349500000068854,0.08325100060086682,0.08223618,0.6289573,0.7399323,1.0997949,,0.08325100060086682,0.08223618,0.6289573,0.7399323,1.0997949,,455.0963335979765,86631936,56400,0.006423293837870002,0.006144512,0.15699346,0.1849002,0.27491027,,0.8228413,0.8228413,0.20567067,,,,,,,,,,,,,,,,,,,,,,,,,,,,,,,,,,,,
0.877175144844243,21.449500000069005,0.08414573633112016,0.083004,0.5837334,0.670311,,,0.08414573633112016,0.083004,0.5837334,0.670311,,,455.33075905333055,86785536,56500,0.006526123537332753,0.006208967,0.14569087,0.16751146,,,0.72213906,0.72213906,0.18049298,,,,,,,,,,,,,,,,,,,,,,,,,,,,,,,,,,,,
0.9525588640827253,21.549500000069106,0.0837676474172621,0.08275027,0.58815086,0.8368429,,1.0490483,0.0837676474172621,0.08275027,0.58815086,0.8368429,,1.0490483,455.56367646334934,86939136,56600,0.006334961830871189,0.0060535027,0.14680572,0.20910308,,0.2622367,0.87315017,0.87315017,0.21823485,,,,,,,,,,,,,,,,,,,,,,,,,,,,,,,,,,,,
0.8959267540209505,21.322940594128642,0.0835392071893162,0.08250977,0.5835946,0.7305397,,,0.0835392071893162,0.08250977,0.5835946,0.7305397,,,455.79353737382905,87092736,56700,0.0064259354551876174,0.0061408547,0.14567411,0.18254444,,,0.97102743,0.97102743,0.24271104,,,,,,,,,,,,,,,,,,,,,,,,,,,,,,,,,,,,
0.8963859359879206,20.749500000069375,0.08365220472216592,0.08279303,0.6177994,0.94487125,0.7800331,,0.08365220472216592,0.08279303,0.6177994,0.94487125,0.7800331,,456.0254600085699,87246336,56800,0.006445699147880069,0.0062091546,0.15419473,0.23611048,0.19498107,,0.4153893,0.4153893,0.10382246,,,,,,,0.4818083,0.4818083,0.12044686,,,,,,,,,,,,,,,,,,,,,,,,,,,
0.8896407200429624,20.84950000006948,0.08283782251179221,0.08191416,0.5891006,0.91539496,,,0.08283782251179221,0.08191416,0.5891006,0.91539496,,,456.25616264964015,87399936,56900,0.00629813658306375,0.006043735,0.14705226,0.22875193,,,0.9830806,0.9830806,0.24571511,,,,,,,,,,,,,,,,,,,,,,,,,,,,,,,,,,,,
0.9461694553776938,20.949500000069587,0.08372476269956684,0.08278457,0.5892835,1.0564233,,,0.08372476269956684,0.08278457,0.5892835,1.0564233,,,456.48781959431284,87553536,57000,0.0063709169463254545,0.006111098,0.14708266,0.26395506,,,0.850682,0.850682,0.21261747,,,,,,,,,,,,,,,,,,,,,,,,,,,,,,,,,,,,
0.9229219550693364,21.049500000069727,0.08225439047906546,0.08115967,0.6022347,0.76616675,,1.152578,0.08225439047906546,0.08115967,0.6022347,0.76616675,,1.152578,456.72010774339867,87707136,57100,0.006311141882033546,0.0060099056,0.15033913,0.19145533,,0.28812236,1.1886148,1.1886148,0.2970984,,,,,,,,,,,,,,,,,,,0.7064015,0.7064015,0.17658985,,,,,,,,,,,,,,,
0.8026841011083898,21.149500000069843,0.0832507387083023,0.08238896,0.59394103,0.82443786,,,0.0832507387083023,0.08238896,0.59394103,0.82443786,,,456.95081556864614,87860736,57200,0.00636079421383328,0.0061235377,0.14826618,0.20601383,,,1.0527132,1.0527132,0.26311126,,,,,,,,,,,,,,,,,,,,,,,,,,,,,,,,,,,,
0.8904527473412089,21.249500000069954,0.08284634957090017,0.08203356,0.6148155,0.8576361,,0.550456,0.08284634957090017,0.08203356,0.6148155,0.8576361,,0.550456,457.1825983943628,88014336,57300,0.006317663454683497,0.0060939216,0.15346485,0.21430194,,0.13760301,,,,,,,,,,,,,,,,,,,,,,1.1661183,1.1661183,0.29151165,,,,,,,,,,,,,,,
0.9377814222709182,21.349500000070083,0.08298711443319913,0.08215141,0.6382783,0.7326315,0.7000507,,0.08298711443319913,0.08215141,0.6382783,0.7326315,0.7000507,,457.41385316022985,88167936,57400,0.006284082774363928,0.0060546394,0.15932146,0.18306959,0.17499082,,0.9963995,0.9963995,0.24905196,,,,,,,,,,,,,,,,,,,,,,,,,,,,,,,,,,,,
0.8082510550959626,21.449500000070213,0.08378594241570668,0.0827262,0.60891455,0.97528106,,0.9323094,0.08378594241570668,0.0827262,0.60891455,0.97528106,,0.9323094,457.64593909832695,88321536,57500,0.006471037963638087,0.006178301,0.15198241,0.24372883,,0.23305503,0.8175843,0.8175843,0.20435375,,,,,,,,,,,,,,,,,,,,,,,,,,,,,,,,,,,,
0.8307010934045059,21.549500000070328,0.08298803909681725,0.08216085,0.5964867,0.68857926,,1.0786117,0.08298803909681725,0.08216085,0.5964867,0.68857926,,1.0786117,457.8769647628525,88475136,57600,0.006347425909189043,0.006118376,0.14888848,0.17206818,,0.26962742,,,,,,,,,,,,,,,,,,,,,,,,,,,,,,,,,,,,,,,
0.8426179432493636,21.649500000070475,0.08266432985663413,0.08171311,0.5674108,0.8153241,0.8312115,1.1570482,0.08266432985663413,0.08171311,0.5674108,0.8153241,0.8312115,1.1570482,458.1062209115219,88628736,57700,0.0064086811395827545,0.0061455024,0.14163767,0.2037327,0.20777236,0.2892358,0.6837851,0.6837851,0.17090803,,,,,,,,,,,,,,,,,,,,,,,,,,,,,,,,,,,,
0.7626510065453722,21.749500000070586,0.0825364565057679,0.08153688,0.5654021,0.80526865,0.6767294,0.86797947,0.0825364565057679,0.08153688,0.5654021,0.80526865,0.6767294,0.86797947,458.33685241356335,88782336,57800,0.006275275733496522,0.00599789,0.14112075,0.20122337,0.16915867,0.21697657,0.6018087,0.6018087,0.15042059,,,,,,,,,,,,,,,,,,,,,,,,,,,,,,,,,,,,
0.8817743875321845,20.97784158422911,0.08307938665004065,0.08203799,0.5783232,0.6704964,,,0.08307938665004065,0.08203799,0.5783232,0.6704964,,,458.56831691109477,88935936,57900,0.006340478673706412,0.0060510864,0.14434695,0.16755296,,,0.95581055,0.95581055,0.23890209,,,,,,,,,,,,,,,,,,,,,,,,,,,,,,,,,,,,
0.9530627672271003,20.949500000070827,0.08332819960080078,0.082361504,0.5640008,0.8218639,1.0383401,,0.08332819960080078,0.082361504,0.5640008,0.8218639,1.0383401,,458.8001079260319,89089536,58000,0.006442121416330328,0.006173943,0.14077738,0.20536852,0.25955254,,0.6931428,0.6931428,0.17324562,,,,,,,1.5133529,1.5133529,0.37832054,,,,,,,,,,,,,,,,,,,,,,,,,,,
0.8510115820199194,21.049500000070942,0.08301731226034464,0.08211658,0.5965706,0.67595994,1.5146046,,0.08301731226034464,0.08211658,0.5965706,0.67595994,1.5146046,,459.0301185967288,89243136,58100,0.006324368488276379,0.0060754977,0.14891247,0.1689111,0.378608,,0.69521177,0.69521177,0.17376733,,,,,,,,,,0.7894556,0.7894556,0.1973564,,,,,,,1.2211264,1.2211264,0.30526048,,,,,,,,,,,,,,,
0.8531684738632117,21.149500000071054,0.08272059603128572,0.08166456,0.6091435,0.7392049,,,0.08272059603128572,0.08166456,0.6091435,0.7392049,,,459.26168584944185,89396736,58200,0.006335631864785678,0.00604398,0.15206061,0.18471166,,,,,,,,,,,,,,,,,,,,,,,,0.8109314,0.8109314,0.20272195,,,,,,,,,,,,,,,
0.831713901628563,21.2495000000712,0.08232471466530113,0.0812281,0.5690199,0.84247774,,0.8523084,0.08232471466530113,0.0812281,0.5690199,0.84247774,,0.8523084,459.4900683867653,89550336,58300,0.006347114470263481,0.006044812,0.14202377,0.2105255,,0.21305934,0.8809786,0.8809786,0.22019662,,,,,,,,,,,,,,,,,,,1.415942,1.415942,0.3539631,,,,,,,,,,,,,,,
0.7960303900797537,21.27071287135843,0.08273380947769565,0.08171782,0.62973106,0.7453116,0.99687827,,0.08273380947769565,0.08171782,0.62973106,0.7453116,0.99687827,,459.7196978459772,89703936,58400,0.006409915046256949,0.0061314725,0.15719195,0.18623665,0.2491827,,1.4266313,1.4266313,0.35656983,,,,,,,,,,,,,,,,,,,,,,,,,,,,,,,,,,,,
0.8853380930149652,20.44950000007143,0.08275702257640655,0.08172965,0.5759134,0.80535305,0.8014951,1.1198196,0.08275702257640655,0.08172965,0.5759134,0.80535305,0.8014951,1.1198196,459.9498042487648,89857536,58500,0.0063772395593696225,0.0060929973,0.14374822,0.20125839,0.20034641,0.2799333,1.0935886,1.0935886,0.27334118,,,,,,,,,,,,,,,,,,,,,,,,,,,,,,,,,,,,
0.7731003921727707,20.549500000071557,0.08210977712646131,0.08118757,0.5819256,0.62063783,,,0.08210977712646131,0.08118757,0.5819256,0.62063783,,,460.1796647123473,90011136,58600,0.006291928201098931,0.0060361777,0.1452518,0.15507597,,,1.0421561,1.0421561,0.2604756,,,,,,,,,,,,,,,,,,,,,,,,,,,,,,,,,,,,
0.972164836476199,20.649500000071672,0.0824694446660577,0.08148639,0.5858086,0.72577834,,,0.0824694446660577,0.08148639,0.5858086,0.72577834,,,460.41147372757615,90164736,58700,0.006362100694968832,0.00609082,0.14622538,0.18136325,,,0.7861036,0.7861036,0.19647278,,,,,,,,,,2.2017562,2.2017562,0.55041856,,,,,,,,,,,,,,,,,,,,,,,,
0.8812053233763134,20.74950000007179,0.0826526675187049,0.081665866,0.58366054,0.64894164,0.76199573,0.89677465,0.0826526675187049,0.081665866,0.58366054,0.64894164,0.76199573,0.89677465,460.6438506094826,90318336,58800,0.00632484237750759,0.006051013,0.14566,0.16216055,0.19047242,0.22417274,,,,,,,,,,,,,,,,,,,,,,,,,,,,,,,,,,,,,,,
0.9646518206696476,20.849500000071924,0.08304745548870396,0.08205778,0.58815575,0.56935334,1.6837757,,0.08304745548870396,0.08205778,0.58815575,0.56935334,1.6837757,,460.87444708832413,90471936,58900,0.006422175214975143,0.0061480184,0.14680475,0.14226758,0.42089027,,1.2306933,1.2306933,0.3076176,,,,,,,,,,,,,,,,,,,,,,,,,,,,,,,,,,,,
0.8422718088812611,20.949500000072035,0.0820785826491191,0.081075445,0.5968104,0.64962685,1.1807855,,0.0820785826491191,0.081075445,0.5968104,0.64962685,1.1807855,,461.10230249913843,90625536,59000,0.006328474426118202,0.006051987,0.14896351,0.1623296,0.29515466,,0.83040553,0.83040553,0.20755452,,,,,,,,,,1.9440105,1.9440105,0.48598465,,,,,,,,,,,,,,,,,,,,,,,,
0.8723919579757737,20.58418811888405,0.08268094789882252,0.081687465,0.5858657,0.82372695,0.6647475,,0.08268094789882252,0.081687465,0.5858657,0.82372695,0.6647475,,461.3318236175856,90779136,59100,0.00629958650587117,0.006024989,0.14623237,0.2058323,0.16616094,,0.8264811,0.8264811,0.20657685,,,,,,,,,,,,,,,,,,,,,,,,,,,,,,,,,,,,
0.9281896480247288,20.149500000072283,0.08237541076727198,0.08151342,0.5752079,0.9421364,0.78649014,,0.08237541076727198,0.08151342,0.5752079,0.9421364,0.78649014,,461.55889679757064,90932736,59200,0.006215956596133761,0.00597897,0.14356999,0.23543677,0.19660124,,1.0028538,1.0028538,0.2506528,,,,,,,,,,,,,,,,,,,,,,,,,,,,,,,,,,,,
0.865027733746191,20.249500000072413,0.08237444685306414,0.08165414,0.5764628,0.89431095,0.9378337,,0.08237444685306414,0.08165414,0.5764628,0.89431095,0.9378337,,461.78696388693527,91086336,59300,0.006368084139248819,0.006170253,0.1438858,0.22348066,0.23442397,,0.7905234,0.7905234,0.19758415,,,,,,,,,,,,,,,,,,,,,,,,,,,,,,,,,,,,
0.8539409204585241,20.349500000072524,0.08161540297325705,0.0807679,0.56876636,0.7155049,,,0.08161540297325705,0.0807679,0.56876636,0.7155049,,,462.017717046457,91239936,59400,0.006263984491815797,0.006028629,0.14195067,0.1787873,,,0.92333126,0.92333126,0.23078407,,,,,,,,,,,,,,,,,,,,,,,,,,,,,,,,,,,,
0.8792145974979765,20.44950000007266,0.08247326712124048,0.081580594,0.6209066,0.7026429,0.6435361,,0.08247326712124048,0.081580594,0.6209066,0.7026429,0.6435361,,462.2457930192596,91393536,59500,0.006235200896044263,0.0059888847,0.1550221,0.17558075,0.16086516,,,,,,,,,,,,,,,,,,,,,,,,,,,,,,,,,,,,,,,,
0.8988371464092648,20.549500000072783,0.08228622688911841,0.08118525,0.5834008,0.88773376,0.8852819,,0.08228622688911841,0.08118525,0.5834008,0.88773376,0.8852819,,462.47423327161414,91547136,59600,0.0063541113783139695,0.0060508857,0.14563195,0.22182824,0.22129028,,0.8818855,0.8818855,0.22042343,,,,,,,,,,,,,,,,,,,,,,,,,,,,,,,,,,,,
0.7743622188330793,20.649500000072877,0.08155158706940714,0.08066177,0.5448686,0.85683507,1.3909407,1.1625862,0.08155158706940714,0.08066177,0.5448686,0.85683507,1.3909407,1.1625862,462.70114349986073,91700736,59700,0.0061799380800221185,0.0059324815,0.13600631,0.21410081,0.34769958,0.290621,,,,,,,,,,,,,,,,,,,,,,,,,,,,,,,,,,,,,,,
0.8902489256746295,20.74950000007302,0.08162088479381063,0.08078956,0.5860459,0.63559276,0.93361557,0.9383186,0.08162088479381063,0.08078956,0.5860459,0.63559276,0.93361557,0.9383186,462.92849449939257,91854336,59800,0.006150398918834985,0.0059199296,0.14628898,0.15882373,0.23336911,0.23455684,0.5877727,0.5877727,0.14691122,,,,,,,,,,,,,,,,,,,,,,,,,,,,,,,,,,,,
0.8496037705624492,20.849500000073153,0.08190415712539106,0.080883816,0.5621758,0.903605,,0.62171507,0.08190415712539106,0.080883816,0.5621758,0.903605,,0.62171507,463.1546723131174,92007936,59900,0.006260971383890129,0.005978955,0.14032517,0.2258005,,0.1554147,1.1174493,1.1174493,0.2793132,,,,,,,1.1855959,1.1855959,0.29638484,,,,,,,,,,,,,,,,,,,,,,,,,,,
0.8553907554846014,20.94950000007327,0.08190311689861123,0.08108928,0.60714763,0.86527646,,,0.08190311689861123,0.08108928,0.60714763,0.86527646,,,463.38272363597247,92161536,60000,0.006228310656733801,0.0060041654,0.15155593,0.21621934,,,1.0421891,1.0421891,0.26047975,,,,,,,,,,,,,,,,,,,,,,,,,,,,,,,,,,,,
0.8580678287529835,21.0495000000734,0.08201113909948603,0.08107523,0.60794574,0.67785925,0.5581213,,0.08201113909948603,0.08107523,0.60794574,0.67785925,0.5581213,,463.6102138993087,92315136,60100,0.006297181342088141,0.006039321,0.15174839,0.16938883,0.13951299,,0.8223875,0.8223875,0.20555513,,,,,,,,,,,,,,,,,,,,,,,,,,,,,,,,,,,,
0.9565425875466311,21.149500000073516,0.08211706718429916,0.08111727,0.6122931,0.73265535,0.4493619,,0.08211706718429916,0.08111727,0.6122931,0.73265535,0.4493619,,463.8389411081273,92468736,60200,0.006169253898551683,0.0058929077,0.15283571,0.18307729,0.1123281,,0.5392732,0.5392732,0.13479139,,,,,,,,,,,,,,,,,,,,,,,,,,,,,,,,,,,,
0.8873278853516868,21.249500000073642,0.08192354129627362,0.080923066,0.61043906,0.6624314,1.6047313,1.1397523,0.08192354129627362,0.080923066,0.61043906,0.6624314,1.6047313,1.1397523,464.06531887170496,92622336,60300,0.006231375396600922,0.0059556887,0.15235871,0.16552374,0.4011273,0.2849119,,,,,,,,,,,,,,,,,,,,,,,,,,,,,,,,,,,,,,,
0.8202644920544148,21.34950000007375,0.08138480986934143,0.08069156,0.5675676,0.7652979,,0.4419044,0.08138480986934143,0.08069156,0.5675676,0.7652979,,0.4419044,464.2925978357745,92775936,60400,0.006233697748684791,0.0060412004,0.14166704,0.19125491,,0.11046712,0.80964994,0.80964994,0.20235895,,,,,,,,,,,,,,,,,,,,,,,,,,,,,,,,,,,,
0.8689403982323374,21.103118811955067,0.08183784339816703,0.08102029,0.6107809,0.5857788,,,0.08183784339816703,0.08102029,0.6107809,0.5857788,,,464.52192605464523,92929536,60500,0.0063022334684184516,0.0060763047,0.1524748,0.14636704,,,,,,,,,,,,,,,,,,,,,,,,,,,,,,,,,,,,,,,,,
0.9196100936839852,20.549500000074023,0.081614127024077,0.080714315,0.56304073,0.7881144,1.2394371,,0.081614127024077,0.080714315,0.56304073,0.7881144,1.2394371,,464.75006976335226,93083136,60600,0.0062329184441477885,0.0059840297,0.14054096,0.19694358,0.30981258,,,,,,,,,,,,,,,,,,,,,,,,,,,,,,,,,,,,,,,,
0.8821494974346984,20.649500000074116,0.08191914528142695,0.080735795,0.6261396,0.63338476,,,0.08191914528142695,0.080735795,0.6261396,0.63338476,,,464.9763031271207,93236736,60700,0.006348437805136196,0.00602299,0.15629084,0.15826935,,,0.90236473,0.90236473,0.2255491,,,,,,,,,,,,,,,,,,,1.6864122,1.6864122,0.42158127,,,,,,,,,,,,,,,
0.8399623933193838,20.74950000007425,0.08119075186550623,0.08017515,0.60178775,0.8726809,,,0.08119075186550623,0.08017515,0.60178775,0.8726809,,,465.2026442802241,93390336,60800,0.0062396559491753505,0.005960922,0.15021649,0.21805686,,,0.9035273,0.9035273,0.22583303,,,,,,,,,,,,,,,,,,,0.7082585,0.7082585,0.1770538,,,,,,,,,,,,,,,
0.8029386115184689,20.84950000007437,0.08115726826246854,0.08031545,0.58726096,0.6901421,0.46873093,,0.08115726826246854,0.08031545,0.58726096,0.6901421,0.46873093,,465.42705280023625,93543936,60900,0.006160293605353217,0.005927663,0.14659378,0.17246066,0.11716631,,0.92464554,0.92464554,0.23111272,,,,,,,,,,,,,,,,,,,,,,,,,,,,,,,,,,,,
0.9077554650164309,20.949500000074476,0.08163032537791898,0.080471165,0.6204053,0.8866391,0.6278343,,0.08163032537791898,0.080471165,0.6204053,0.8866391,0.6278343,,465.653956669758,93697536,61000,0.0062725494429469175,0.0059548547,0.15484524,0.22155127,0.15693563,,0.87984073,0.87984073,0.219916,,,,,,,,,,,,,,,,,,,,,,,,,,,,,,,,,,,,
0.8614503984732969,21.049500000074612,0.0818002323526887,0.08095645,0.60083914,0.7300119,,1.2395786,0.0818002323526887,0.08095645,0.60083914,0.7300119,,1.2395786,465.88278277257126,93851136,61100,0.006179617650632285,0.0059467577,0.14997226,0.18242458,,0.30986407,0.8428781,0.8428781,0.21067171,,,,,,,,,,,,,,,,,,,,,,,,,,,,,,,,,,,,
0.8064827726715555,21.14950000007474,0.08187643804587437,0.08092617,0.5685979,0.7252332,0.94403636,,0.08187643804587437,0.08092617,0.5685979,0.7252332,0.94403636,,466.1090256073281,94004736,61200,0.006234047558682513,0.0059709987,0.14193027,0.1812328,0.23597905,,0.86735964,0.86735964,0.21679185,,,,,,,,,,,,,,,,,,,,,,,,,,,,,,,,,,,,
0.924639346850698,21.24950000007484,0.08111012135632334,0.080279246,0.5773389,0.8112437,0.77537435,,0.08111012135632334,0.080279246,0.5773389,0.8112437,0.77537435,,466.33291442758366,94158336,61300,0.0061520576209295515,0.005922709,0.14411147,0.2027226,0.19381851,,0.88447356,0.88447356,0.22107585,,,,,,,,,,,,,,,,,,,,,,,,,,,,,,,,,,,,
0.8742976947858137,21.34950000007497,0.08208962833043204,0.080982395,0.6045721,0.8455514,1.4302772,,0.08208962833043204,0.080982395,0.6045721,0.8455514,1.4302772,,466.5600234497435,94311936,61400,0.006216655181779052,0.005912014,0.15091605,0.21129353,0.35751885,,0.86301166,0.86301166,0.21570614,,,,,,,,,,,,,,,,,,,,,,,,,,,,,,,,,,,,
